sku_id,warehouse_id,total_qty,reserved_qty,batches,near_expiry_qty,expired_qty,min_days_to_expiry
SKU_00003,WH_002,313,28,11,0,0,
SKU_00028,WH_002,596,8,7,0,0,
SKU_00045,WH_002,257,5,9,0,0,
SKU_00024,WH_002,313,13,13,0,0,
SKU_00049,WH_002,586,33,12,0,0,
SKU_00024,WH_003,278,2,8,0,0,
SKU_00057,WH_001,417,3,14,0,0,
SKU_00036,WH_001,1132,99,13,0,0,
SKU_00011,WH_001,68,0,5,0,0,
SKU_00028,WH_003,266,4,8,0,0,
SKU_00049,WH_003,428,2,8,0,0,
SKU_00015,WH_001,161,3,7,0,0,
SKU_00045,WH_003,207,18,8,0,0,
SKU_00003,WH_003,650,7,14,0,0,
SKU_00015,WH_002,243,8,9,0,0,
SKU_00057,WH_002,80,3,3,0,0,
SKU_00036,WH_002,762,17,11,0,0,
SKU_00011,WH_002,357,10,9,0,0,
SKU_00036,WH_003,829,23,14,0,0,
SKU_00027,WH_001,323,31,11,0,0,
SKU_00002,WH_001,326,13,7,0,0,
SKU_00023,WH_001,137,1,6,0,0,
SKU_00015,WH_003,252,10,10,0,0,
SKU_00057,WH_003,347,62,9,0,0,
SKU_00006,WH_001,96,8,6,0,0,
SKU_00011,WH_003,301,69,10,0,0,
SKU_00048,WH_001,345,23,8,0,0,
SKU_00002,WH_002,155,7,8,0,0,
SKU_00027,WH_002,706,5,9,0,0,
SKU_00023,WH_002,5,0,1,0,0,
SKU_00006,WH_002,203,2,10,0,0,
SKU_00048,WH_002,615,3,12,0,0,
SKU_00027,WH_003,287,1,6,0,0,
SKU_00048,WH_003,304,14,10,0,0,
SKU_00014,WH_001,46,0,5,0,0,
SKU_00006,WH_003,497,0,7,0,0,
SKU_00023,WH_003,170,1,11,0,0,
SKU_00039,WH_001,291,62,7,0,0,
SKU_00002,WH_003,220,31,7,0,0,
SKU_00018,WH_001,113,3,6,0,0,
SKU_00191,WH_001,385,0,4,0,0,
SKU_00039,WH_002,123,7,6,0,0,
SKU_00014,WH_002,262,14,5,0,0,
SKU_00191,WH_002,519,4,8,0,0,
SKU_00018,WH_002,1317,35,16,0,0,
SKU_00014,WH_003,256,10,8,0,0,
SKU_00026,WH_001,172,1,7,0,0,
SKU_00005,WH_001,206,0,7,0,0,
SKU_00018,WH_003,157,0,5,0,0,
SKU_00009,WH_001,507,10,10,0,0,
SKU_00039,WH_003,401,0,7,0,0,
SKU_00191,WH_003,333,14,11,0,0,
SKU_00005,WH_002,284,0,7,0,0,
SKU_00009,WH_002,962,124,16,0,0,
SKU_00026,WH_002,207,45,7,0,0,
SKU_00009,WH_003,192,0,3,0,0,
SKU_00038,WH_001,366,24,13,0,0,
SKU_00005,WH_003,507,61,14,0,0,
SKU_00194,WH_001,87,2,8,0,0,
SKU_00026,WH_003,586,14,12,0,0,
SKU_00017,WH_001,368,26,9,0,0,
SKU_00190,WH_001,415,2,14,0,0,
SKU_00194,WH_002,406,0,3,0,0,
SKU_00190,WH_002,326,14,9,0,0,
SKU_00038,WH_002,279,6,10,0,0,
SKU_00017,WH_002,430,7,11,0,0,
SKU_00038,WH_003,336,11,10,0,0,
SKU_00190,WH_003,535,0,10,0,0,
SKU_00017,WH_003,344,7,11,0,0,
SKU_00194,WH_003,307,0,10,0,0,
SKU_00181,WH_001,509,7,10,0,0,
SKU_00004,WH_001,500,78,10,0,0,
SKU_00029,WH_001,361,9,8,0,0,
SKU_00160,WH_001,145,1,6,0,0,
SKU_00008,WH_001,340,57,8,0,0,
SKU_00160,WH_002,213,0,8,0,0,
SKU_00181,WH_002,70,1,5,0,0,
SKU_00008,WH_002,144,12,6,0,0,
SKU_00029,WH_002,399,0,10,0,0,
SKU_00004,WH_002,138,0,7,0,0,
SKU_00193,WH_001,189,0,7,0,0,
SKU_00160,WH_003,495,16,10,0,0,
SKU_00172,WH_001,158,0,5,0,0,
SKU_00008,WH_003,619,9,13,0,0,
SKU_00029,WH_003,235,9,10,0,0,
SKU_00181,WH_003,1216,65,14,0,0,
SKU_00004,WH_003,391,46,11,0,0,
SKU_00172,WH_002,174,2,6,0,0,
SKU_00193,WH_002,233,10,9,0,0,
SKU_00184,WH_001,131,0,6,0,0,
SKU_00007,WH_001,179,4,4,0,0,
SKU_00172,WH_003,686,0,8,0,0,
SKU_00193,WH_003,671,90,13,0,0,
SKU_00180,WH_001,462,1,7,0,0,
SKU_00007,WH_002,236,18,14,0,0,
SKU_00180,WH_002,891,15,13,0,0,
SKU_00184,WH_002,162,0,7,0,0,
SKU_00192,WH_001,194,4,7,0,0,
SKU_00007,WH_003,183,8,7,0,0,
SKU_00150,WH_001,380,39,11,0,0,
SKU_00171,WH_001,558,40,10,0,0,
SKU_00184,WH_003,251,1,11,0,0,
SKU_00180,WH_003,358,16,10,0,0,
SKU_00196,WH_001,182,0,13,0,0,
SKU_00175,WH_001,612,9,12,0,0,
SKU_00019,WH_001,216,0,6,0,0,
SKU_00196,WH_002,331,23,9,0,0,
SKU_00019,WH_002,152,12,8,0,0,
SKU_00150,WH_002,719,49,5,0,0,
SKU_00171,WH_002,420,20,9,0,0,
SKU_00175,WH_002,252,9,9,0,0,
SKU_00192,WH_002,318,4,11,0,0,
SKU_00183,WH_001,259,5,8,0,0,
SKU_00019,WH_003,242,8,6,0,0,
SKU_00162,WH_001,182,13,7,0,0,
SKU_00196,WH_003,354,18,10,0,0,
SKU_00187,WH_001,504,7,10,0,0,
SKU_00141,WH_001,179,13,7,0,0,
SKU_00192,WH_003,61,3,6,0,0,
SKU_00175,WH_003,633,66,7,0,0,
SKU_00171,WH_003,361,13,6,0,0,
SKU_00150,WH_003,489,92,10,0,0,
SKU_00183,WH_002,325,17,11,0,0,
SKU_00141,WH_002,426,7,13,0,0,
SKU_00162,WH_002,244,8,11,0,0,
SKU_00187,WH_002,317,14,9,0,0,
SKU_00153,WH_001,189,23,7,0,0,
SKU_00187,WH_003,70,1,4,0,0,
SKU_00141,WH_003,277,27,6,0,0,
SKU_00170,WH_001,271,7,9,0,0,
SKU_00183,WH_003,154,1,8,0,0,
SKU_00195,WH_001,753,141,16,0,0,
SKU_00162,WH_003,377,6,12,0,0,
SKU_00199,WH_001,184,2,6,0,0,
SKU_00174,WH_001,177,2,8,0,0,
SKU_00153,WH_002,325,1,8,0,0,
SKU_00174,WH_002,170,1,6,0,0,
SKU_00199,WH_002,169,10,9,0,0,
SKU_00195,WH_002,277,0,6,0,0,
SKU_00170,WH_002,134,0,7,0,0,
SKU_00195,WH_003,54,4,5,0,0,
SKU_00170,WH_003,1012,57,14,0,0,
SKU_00199,WH_003,426,7,11,0,0,
SKU_00140,WH_001,606,89,6,0,0,
SKU_00165,WH_001,491,63,10,0,0,
SKU_00186,WH_001,96,2,8,0,0,
SKU_00174,WH_003,449,17,11,0,0,
SKU_00153,WH_003,112,3,8,0,0,
SKU_00161,WH_001,516,19,10,0,0,
SKU_00182,WH_001,369,17,10,0,0,
SKU_00165,WH_002,48,11,2,0,0,
SKU_00140,WH_002,611,21,12,0,0,
SKU_00161,WH_002,282,1,8,0,0,
SKU_00182,WH_002,256,1,5,0,0,
SKU_00186,WH_002,379,20,11,0,0,
SKU_00186,WH_003,140,3,5,0,0,
SKU_00177,WH_001,359,2,8,0,0,
SKU_00156,WH_001,296,0,10,0,0,
SKU_00173,WH_001,559,30,11,0,0,
SKU_00165,WH_003,207,20,6,0,0,
SKU_00152,WH_001,758,10,12,0,0,
SKU_00161,WH_003,174,9,6,0,0,
SKU_00198,WH_001,63,0,5,0,0,
SKU_00131,WH_001,68,1,7,0,0,
SKU_00140,WH_003,352,11,10,0,0,
SKU_00182,WH_003,143,0,8,0,0,
SKU_00131,WH_002,61,9,3,0,0,
SKU_00173,WH_002,170,2,7,0,0,
SKU_00177,WH_002,214,0,7,0,0,
SKU_00156,WH_002,410,116,7,0,0,
SKU_00198,WH_002,168,11,12,0,0,
SKU_00152,WH_002,352,25,14,0,0,
SKU_00131,WH_003,186,9,8,0,0,
SKU_00152,WH_003,118,0,5,0,0,
SKU_00177,WH_003,807,2,6,0,0,
SKU_00198,WH_003,65,7,6,0,0,
SKU_00189,WH_001,349,2,6,0,0,
SKU_00143,WH_001,335,24,5,0,0,
SKU_00164,WH_001,224,3,5,0,0,
SKU_00122,WH_001,183,3,6,0,0,
SKU_00173,WH_003,206,1,9,0,0,
SKU_00185,WH_001,347,0,11,0,0,
SKU_00156,WH_003,398,4,13,0,0,
SKU_00168,WH_001,249,20,9,0,0,
SKU_00164,WH_002,205,1,8,0,0,
SKU_00168,WH_002,122,16,4,0,0,
SKU_00143,WH_002,603,60,10,0,0,
SKU_00185,WH_002,264,24,15,0,0,
SKU_00122,WH_002,409,10,9,0,0,
SKU_00189,WH_002,377,17,13,0,0,
SKU_00155,WH_001,204,6,9,0,0,
SKU_00151,WH_001,143,3,5,0,0,
SKU_00134,WH_001,131,9,7,0,0,
SKU_00176,WH_001,565,9,10,0,0,
SKU_00164,WH_003,227,8,10,0,0,
SKU_00197,WH_001,110,13,6,0,0,
SKU_00143,WH_003,170,15,9,0,0,
SKU_00130,WH_001,437,5,17,0,0,
SKU_00168,WH_003,401,2,15,0,0,
SKU_00185,WH_003,423,5,5,0,0,
SKU_00189,WH_003,372,1,10,0,0,
SKU_00122,WH_003,294,39,5,0,0,
SKU_00197,WH_002,387,2,2,0,0,
SKU_00155,WH_002,298,21,11,0,0,
SKU_00151,WH_002,505,24,8,0,0,
SKU_00134,WH_002,450,11,7,0,0,
SKU_00176,WH_002,309,55,11,0,0,
SKU_00130,WH_002,162,19,6,0,0,
SKU_00142,WH_001,51,2,3,0,0,
SKU_00197,WH_003,63,6,4,0,0,
SKU_00121,WH_001,966,16,15,0,0,
SKU_00155,WH_003,170,7,4,0,0,
SKU_00146,WH_001,755,42,9,0,0,
SKU_00134,WH_003,261,2,6,0,0,
SKU_00176,WH_003,493,83,11,0,0,
SKU_00130,WH_003,266,5,9,0,0,
SKU_00100,WH_001,737,141,14,0,0,
SKU_00188,WH_001,243,7,9,0,0,
SKU_00167,WH_001,330,21,12,0,0,
SKU_00163,WH_001,215,5,8,0,0,
SKU_00151,WH_003,211,1,10,0,0,
SKU_00188,WH_002,198,7,7,0,0,
SKU_00163,WH_002,359,20,7,0,0,
SKU_00100,WH_002,485,0,7,0,0,
SKU_00142,WH_002,663,49,10,0,0,
SKU_00146,WH_002,538,12,13,0,0,
SKU_00121,WH_002,246,3,6,0,0,
SKU_00167,WH_002,362,34,8,0,0,
SKU_00188,WH_003,90,4,6,0,0,
SKU_00179,WH_001,224,4,6,0,0,
SKU_00142,WH_003,496,20,9,0,0,
SKU_00146,WH_003,152,0,6,0,0,
SKU_00167,WH_003,196,1,13,0,0,
SKU_00100,WH_003,191,3,8,0,0,
SKU_00133,WH_001,94,13,4,0,0,
SKU_00121,WH_003,883,38,16,0,0,
SKU_00137,WH_001,215,8,11,0,0,
SKU_00158,WH_001,285,4,3,0,0,
SKU_00154,WH_001,127,12,8,0,0,
SKU_00163,WH_003,117,0,8,0,0,
SKU_00112,WH_001,133,9,11,0,0,
SKU_00154,WH_002,98,8,7,0,0,
SKU_00112,WH_002,425,2,11,0,0,
SKU_00133,WH_002,155,4,5,0,0,
SKU_00179,WH_002,239,51,13,0,0,
SKU_00158,WH_002,207,14,9,0,0,
SKU_00137,WH_002,406,12,9,0,0,
SKU_00103,WH_001,374,14,7,0,0,
SKU_00120,WH_001,379,0,11,0,0,
SKU_00133,WH_003,244,10,9,0,0,
SKU_00166,WH_001,441,16,8,0,0,
SKU_00124,WH_001,170,11,9,0,0,
SKU_00149,WH_001,406,0,13,0,0,
SKU_00158,WH_003,314,4,6,0,0,
SKU_00145,WH_001,472,55,9,0,0,
SKU_00112,WH_003,510,31,10,0,0,
SKU_00179,WH_003,203,0,4,0,0,
SKU_00137,WH_003,182,0,7,0,0,
SKU_00154,WH_003,703,63,15,0,0,
SKU_00166,WH_002,527,13,11,0,0,
SKU_00124,WH_002,234,3,7,0,0,
SKU_00145,WH_002,703,7,11,0,0,
SKU_00120,WH_002,447,1,8,0,0,
SKU_00103,WH_002,418,3,16,0,0,
SKU_00149,WH_002,433,14,15,0,0,
SKU_00157,WH_001,315,0,4,0,0,
SKU_00115,WH_001,84,6,7,0,0,
SKU_00136,WH_001,105,2,6,0,0,
SKU_00145,WH_003,908,15,14,0,0,
SKU_00111,WH_001,590,29,11,0,0,
SKU_00132,WH_001,576,0,5,0,0,
SKU_00166,WH_003,400,14,12,0,0,
SKU_00120,WH_003,255,13,8,0,0,
SKU_00178,WH_001,363,16,15,0,0,
SKU_00103,WH_003,234,0,7,0,0,
SKU_00149,WH_003,985,10,11,0,0,
SKU_00124,WH_003,845,9,8,0,0,
SKU_00136,WH_002,140,4,9,0,0,
SKU_00157,WH_002,190,29,8,0,0,
SKU_00111,WH_002,212,7,10,0,0,
SKU_00132,WH_002,289,46,13,0,0,
SKU_00115,WH_002,243,28,9,0,0,
SKU_00178,WH_002,219,39,6,0,0,
SKU_00178,WH_003,20,0,4,0,0,
SKU_00123,WH_001,425,12,6,0,0,
SKU_00157,WH_003,79,0,3,0,0,
SKU_00148,WH_001,259,2,7,0,0,
SKU_00169,WH_001,223,9,9,0,0,
SKU_00136,WH_003,683,19,11,0,0,
SKU_00102,WH_001,151,4,8,0,0,
SKU_00111,WH_003,419,33,8,0,0,
SKU_00115,WH_003,327,0,6,0,0,
SKU_00127,WH_001,292,51,9,0,0,
SKU_00144,WH_001,67,8,7,0,0,
SKU_00132,WH_003,323,27,10,0,0,
SKU_00123,WH_002,578,2,10,0,0,
SKU_00148,WH_002,295,7,7,0,0,
SKU_00144,WH_002,296,0,8,0,0,
SKU_00102,WH_002,155,0,8,0,0,
SKU_00127,WH_002,557,24,11,0,0,
SKU_00169,WH_002,235,16,6,0,0,
SKU_00102,WH_003,644,5,15,0,0,
SKU_00118,WH_001,232,0,5,0,0,
SKU_00169,WH_003,1152,39,12,0,0,
SKU_00114,WH_001,220,15,8,0,0,
SKU_00110,WH_001,731,4,9,0,0,
SKU_00148,WH_003,157,28,6,0,0,
SKU_00127,WH_003,642,22,7,0,0,
SKU_00123,WH_003,715,93,14,0,0,
SKU_00144,WH_003,193,23,7,0,0,
SKU_00135,WH_001,216,5,9,0,0,
SKU_00139,WH_001,558,16,12,0,0,
SKU_00110,WH_002,659,34,6,0,0,
SKU_00139,WH_002,80,3,7,0,0,
SKU_00114,WH_002,34,4,6,0,0,
SKU_00135,WH_002,547,50,9,0,0,
SKU_00118,WH_002,544,8,11,0,0,
SKU_00147,WH_001,634,0,6,0,0,
SKU_00114,WH_003,558,109,6,0,0,
SKU_00126,WH_001,204,1,6,0,0,
SKU_00118,WH_003,558,8,16,0,0,
SKU_00135,WH_003,292,3,7,0,0,
SKU_00105,WH_001,551,25,13,0,0,
SKU_00101,WH_001,14,0,3,0,0,
SKU_00110,WH_003,194,12,8,0,0,
SKU_00139,WH_003,475,23,9,0,0,
SKU_00105,WH_002,174,0,8,0,0,
SKU_00147,WH_002,351,1,5,0,0,
SKU_00126,WH_002,343,1,10,0,0,
SKU_00101,WH_002,71,0,3,0,0,
SKU_00126,WH_003,90,3,4,0,0,
SKU_00101,WH_003,167,4,10,0,0,
SKU_00159,WH_001,135,13,7,0,0,
SKU_00105,WH_003,433,13,13,0,0,
SKU_00290,WH_001,394,55,4,0,0,
SKU_00147,WH_003,467,0,13,0,0,
SKU_00117,WH_001,75,1,6,0,0,
SKU_00138,WH_001,385,21,15,0,0,
SKU_00113,WH_001,420,27,11,0,0,
SKU_00113,WH_002,233,1,7,0,0,
SKU_00159,WH_002,372,13,9,0,0,
SKU_00290,WH_002,492,7,12,0,0,
SKU_00117,WH_002,266,1,13,0,0,
SKU_00138,WH_002,270,21,9,0,0,
SKU_00108,WH_001,209,3,6,0,0,
SKU_00104,WH_001,436,16,11,0,0,
SKU_00129,WH_001,188,0,9,0,0,
SKU_00281,WH_001,441,39,12,0,0,
SKU_00113,WH_003,326,24,8,0,0,
SKU_00138,WH_003,315,20,11,0,0,
SKU_00159,WH_003,480,3,6,0,0,
SKU_00125,WH_001,250,13,9,0,0,
SKU_00290,WH_003,298,24,8,0,0,
SKU_00117,WH_003,632,89,15,0,0,
SKU_00104,WH_002,290,7,6,0,0,
SKU_00129,WH_002,248,6,8,0,0,
SKU_00281,WH_002,629,5,13,0,0,
SKU_00108,WH_002,355,29,12,0,0,
SKU_00125,WH_002,431,0,12,0,0,
SKU_00116,WH_001,167,9,7,0,0,
SKU_00125,WH_003,312,0,6,0,0,
SKU_00129,WH_003,70,10,4,0,0,
SKU_00281,WH_003,117,0,5,0,0,
SKU_00108,WH_003,477,63,10,0,0,
SKU_00104,WH_003,405,35,10,0,0,
SKU_00293,WH_001,279,17,12,0,0,
SKU_00116,WH_002,87,1,7,0,0,
SKU_00293,WH_002,202,5,11,0,0,
SKU_00116,WH_003,190,0,4,0,0,
SKU_00293,WH_003,237,0,5,0,0,
SKU_00107,WH_001,249,10,9,0,0,
SKU_00280,WH_001,207,32,8,0,0,
SKU_00128,WH_001,394,9,11,0,0,
SKU_00107,WH_002,1381,3,15,0,0,
SKU_00280,WH_002,200,21,8,0,0,
SKU_00128,WH_002,720,0,9,0,0,
SKU_00128,WH_003,671,21,10,0,0,
SKU_00296,WH_001,177,5,8,0,0,
SKU_00280,WH_003,221,11,9,0,0,
SKU_00119,WH_001,374,14,10,0,0,
SKU_00107,WH_003,460,5,10,0,0,
SKU_00271,WH_001,376,9,8,0,0,
SKU_00292,WH_001,619,0,12,0,0,
SKU_00119,WH_002,105,5,6,0,0,
SKU_00271,WH_002,88,3,7,0,0,
SKU_00292,WH_002,447,8,9,0,0,
SKU_00296,WH_002,399,2,15,0,0,
SKU_00262,WH_001,417,10,12,0,0,
SKU_00283,WH_001,33,0,2,0,0,
SKU_00292,WH_003,452,11,11,0,0,
SKU_00106,WH_001,377,13,13,0,0,
SKU_00119,WH_003,503,3,10,0,0,
SKU_00296,WH_003,177,14,7,0,0,
SKU_00271,WH_003,257,21,11,0,0,
SKU_00283,WH_002,311,50,9,0,0,
SKU_00262,WH_002,230,14,9,0,0,
SKU_00106,WH_002,524,0,19,0,0,
SKU_00291,WH_001,169,18,8,0,0,
SKU_00270,WH_001,500,64,8,0,0,
SKU_00274,WH_001,129,2,11,0,0,
SKU_00262,WH_003,511,9,11,0,0,
SKU_00106,WH_003,710,110,12,0,0,
SKU_00295,WH_001,246,21,9,0,0,
SKU_00283,WH_003,411,47,13,0,0,
SKU_00295,WH_002,243,19,10,0,0,
SKU_00270,WH_002,333,1,12,0,0,
SKU_00274,WH_002,84,0,7,0,0,
SKU_00291,WH_002,298,20,9,0,0,
SKU_00282,WH_001,393,78,7,0,0,
SKU_00261,WH_001,191,40,9,0,0,
SKU_00109,WH_001,270,27,9,0,0,
SKU_00274,WH_003,457,3,11,0,0,
SKU_00286,WH_001,699,9,11,0,0,
SKU_00270,WH_003,538,34,10,0,0,
SKU_00291,WH_003,443,28,8,0,0,
SKU_00240,WH_001,585,24,6,0,0,
SKU_00295,WH_003,249,5,7,0,0,
SKU_00282,WH_002,703,15,16,0,0,
SKU_00109,WH_002,97,4,6,0,0,
SKU_00261,WH_002,514,14,13,0,0,
SKU_00240,WH_002,274,2,9,0,0,
SKU_00286,WH_002,248,0,10,0,0,
SKU_00277,WH_001,353,0,5,0,0,
SKU_00109,WH_003,361,53,9,0,0,
SKU_00252,WH_001,672,3,8,0,0,
SKU_00261,WH_003,157,3,6,0,0,
SKU_00294,WH_001,445,3,8,0,0,
SKU_00282,WH_003,400,60,9,0,0,
SKU_00240,WH_003,205,16,7,0,0,
SKU_00298,WH_001,191,32,13,0,0,
SKU_00286,WH_003,286,14,9,0,0,
SKU_00273,WH_001,338,14,13,0,0,
SKU_00277,WH_002,523,0,4,0,0,
SKU_00252,WH_002,72,7,4,0,0,
SKU_00298,WH_002,242,27,6,0,0,
SKU_00294,WH_002,98,0,7,0,0,
SKU_00273,WH_002,528,24,12,0,0,
SKU_00264,WH_001,126,5,7,0,0,
SKU_00277,WH_003,126,6,7,0,0,
SKU_00252,WH_003,383,13,10,0,0,
SKU_00285,WH_001,406,9,7,0,0,
SKU_00298,WH_003,215,5,8,0,0,
SKU_00294,WH_003,353,6,10,0,0,
SKU_00243,WH_001,456,5,11,0,0,
SKU_00273,WH_003,329,6,10,0,0,
SKU_00289,WH_001,112,3,6,0,0,
SKU_00260,WH_001,326,25,9,0,0,
SKU_00243,WH_002,333,9,10,0,0,
SKU_00260,WH_002,298,10,10,0,0,
SKU_00264,WH_002,528,38,11,11,0,
SKU_00289,WH_002,106,0,7,0,0,
SKU_00285,WH_002,126,10,8,0,0,
SKU_00255,WH_001,525,70,8,0,0,
SKU_00260,WH_003,236,8,9,0,0,
SKU_00230,WH_001,182,49,7,0,0,
SKU_00243,WH_003,106,1,7,0,0,
SKU_00297,WH_001,276,2,11,0,0,
SKU_00264,WH_003,305,0,5,0,0,
SKU_00272,WH_001,723,5,10,0,0,
SKU_00285,WH_003,263,1,11,0,0,
SKU_00289,WH_003,315,5,10,0,0,
SKU_00276,WH_001,155,0,6,0,0,
SKU_00251,WH_001,487,0,13,0,0,
SKU_00272,WH_002,84,0,5,0,0,
SKU_00251,WH_002,280,11,9,0,0,
SKU_00276,WH_002,380,22,8,0,0,
SKU_00230,WH_002,340,5,12,0,0,
SKU_00297,WH_002,290,11,11,0,0,
SKU_00255,WH_002,553,0,10,0,0,
SKU_00242,WH_001,254,12,11,0,0,
SKU_00267,WH_001,213,18,8,0,0,
SKU_00272,WH_003,529,1,8,0,0,
SKU_00255,WH_003,307,16,7,0,0,
SKU_00263,WH_001,297,3,7,0,0,
SKU_00297,WH_003,415,36,7,0,0,
SKU_00221,WH_001,202,33,6,0,0,
SKU_00276,WH_003,390,12,6,0,0,
SKU_00251,WH_003,376,6,10,0,0,
SKU_00230,WH_003,320,21,11,0,0,
SKU_00288,WH_001,301,8,12,0,0,
SKU_00284,WH_001,384,58,7,0,0,
SKU_00221,WH_002,217,7,6,0,0,
SKU_00288,WH_002,373,23,9,0,0,
SKU_00284,WH_002,192,15,6,0,0,
SKU_00263,WH_002,251,1,7,0,0,
SKU_00242,WH_002,770,18,12,0,0,
SKU_00267,WH_002,698,9,14,0,0,
SKU_00284,WH_003,183,13,5,0,0,
SKU_00250,WH_001,480,0,7,0,0,
SKU_00275,WH_001,250,53,5,0,0,
SKU_00263,WH_003,276,22,7,0,0,
SKU_00254,WH_001,398,0,5,0,0,
SKU_00267,WH_003,80,0,3,0,0,
SKU_00221,WH_003,119,8,6,0,0,
SKU_00233,WH_001,529,43,11,0,0,
SKU_00279,WH_001,635,35,11,0,0,
SKU_00288,WH_003,339,1,11,0,0,
SKU_00258,WH_001,212,0,8,0,0,
SKU_00242,WH_003,379,35,12,0,0,
SKU_00275,WH_002,287,5,4,0,0,
SKU_00258,WH_002,633,146,8,0,0,
SKU_00254,WH_002,145,3,6,0,0,
SKU_00250,WH_002,334,6,12,0,0,
SKU_00279,WH_002,566,22,16,0,0,
SKU_00233,WH_002,144,22,5,0,0,
SKU_00250,WH_003,647,64,7,0,0,
SKU_00258,WH_003,917,94,9,0,0,
SKU_00254,WH_003,207,0,5,0,0,
SKU_00275,WH_003,632,39,16,0,0,
SKU_00224,WH_001,600,9,9,0,0,
SKU_00287,WH_001,184,2,7,0,0,
SKU_00241,WH_001,152,8,8,0,0,
SKU_00266,WH_001,264,30,10,0,0,
SKU_00220,WH_001,309,13,10,0,0,
SKU_00233,WH_003,493,3,13,0,0,
SKU_00245,WH_001,215,4,9,0,0,
SKU_00279,WH_003,337,12,11,0,0,
SKU_00245,WH_002,145,3,5,0,0,
SKU_00287,WH_002,552,26,13,0,0,
SKU_00241,WH_002,259,10,11,0,0,
SKU_00220,WH_002,260,4,8,0,0,
SKU_00224,WH_002,713,31,12,0,0,
SKU_00266,WH_002,279,3,10,0,0,
SKU_00245,WH_003,564,45,7,0,0,
SKU_00253,WH_001,170,8,7,0,0,
SKU_00232,WH_001,496,18,11,0,0,
SKU_00299,WH_001,352,4,9,0,0,
SKU_00266,WH_003,497,42,12,0,0,
SKU_00257,WH_001,165,2,9,0,0,
SKU_00241,WH_003,1229,30,10,0,0,
SKU_00224,WH_003,376,0,11,0,0,
SKU_00211,WH_001,455,2,11,0,0,
SKU_00236,WH_001,211,9,8,0,0,
SKU_00220,WH_003,1391,22,15,0,0,
SKU_00287,WH_003,335,4,13,0,0,
SKU_00278,WH_001,428,3,15,0,0,
SKU_00278,WH_002,212,7,9,0,0,
SKU_00211,WH_002,157,17,6,0,0,
SKU_00257,WH_002,918,49,12,0,0,
SKU_00236,WH_002,107,9,5,0,0,
SKU_00299,WH_002,22,1,3,0,0,
SKU_00253,WH_002,500,39,9,0,0,
SKU_00232,WH_002,807,6,14,0,0,
SKU_00202,WH_001,45,7,5,0,0,
SKU_00299,WH_003,656,4,11,0,0,
SKU_00248,WH_001,261,34,10,0,0,
SKU_00211,WH_003,196,7,9,0,0,
SKU_00269,WH_001,282,8,10,0,0,
SKU_00257,WH_003,617,1,15,0,0,
SKU_00223,WH_001,1207,2,7,0,0,
SKU_00236,WH_003,401,18,13,0,0,
SKU_00232,WH_003,477,3,10,0,0,
SKU_00265,WH_001,672,21,11,0,0,
SKU_00244,WH_001,457,8,10,0,0,
SKU_00278,WH_003,1571,1,10,0,0,
SKU_00253,WH_003,448,48,13,0,0,
SKU_00265,WH_002,455,7,8,0,0,
SKU_00244,WH_002,811,6,12,0,0,
SKU_00202,WH_002,241,9,11,0,0,
SKU_00269,WH_002,201,6,10,0,0,
SKU_00223,WH_002,114,0,8,0,0,
SKU_00248,WH_002,267,26,10,0,0,
SKU_00244,WH_003,467,16,11,0,0,
SKU_00265,WH_003,452,1,8,0,0,
SKU_00202,WH_003,296,1,7,23,0,
SKU_00269,WH_003,351,0,7,0,0,
SKU_00235,WH_001,706,21,9,0,0,
SKU_00214,WH_001,139,4,8,0,0,
SKU_00223,WH_003,251,10,10,0,0,
SKU_00256,WH_001,245,6,7,0,0,
SKU_00239,WH_001,435,3,9,0,0,
SKU_00231,WH_001,185,8,9,0,0,
SKU_00248,WH_003,158,5,4,0,0,
SKU_00210,WH_001,284,19,12,0,0,
SKU_00231,WH_002,236,4,9,0,0,
SKU_00256,WH_002,373,77,11,0,0,
SKU_00235,WH_002,266,7,8,0,0,
SKU_00239,WH_002,339,25,10,0,0,
SKU_00214,WH_002,111,2,8,0,0,
SKU_00210,WH_002,544,29,9,0,0,
SKU_00201,WH_001,358,1,8,0,0,
SKU_00247,WH_001,72,1,4,0,0,
SKU_00222,WH_001,225,1,6,0,0,
SKU_00231,WH_003,725,41,13,0,0,
SKU_00268,WH_001,674,7,9,0,0,
SKU_00214,WH_003,169,9,10,0,0,
SKU_00210,WH_003,244,50,6,0,0,
SKU_00226,WH_001,380,10,12,0,0,
SKU_00239,WH_003,54,1,10,0,0,
SKU_00235,WH_003,558,53,13,0,0,
SKU_00256,WH_003,209,2,7,0,0,
SKU_00247,WH_002,347,31,9,0,0,
SKU_00226,WH_002,108,0,4,0,0,
SKU_00268,WH_002,125,1,5,0,0,
SKU_00201,WH_002,148,7,7,0,0,
SKU_00222,WH_002,156,9,9,0,0,
SKU_00238,WH_001,318,0,6,0,0,
SKU_00201,WH_003,486,4,9,0,0,
SKU_00259,WH_001,845,38,14,0,0,
SKU_00217,WH_001,143,0,9,0,0,
SKU_00234,WH_001,917,19,11,0,0,
SKU_00247,WH_003,73,0,4,0,0,
SKU_00268,WH_003,373,11,8,0,0,
SKU_00226,WH_003,781,5,14,0,0,
SKU_00222,WH_003,846,92,8,0,0,
SKU_00213,WH_001,436,3,13,0,0,
SKU_00238,WH_002,219,2,10,0,0,
SKU_00213,WH_002,301,7,9,0,0,
SKU_00259,WH_002,487,40,14,0,0,
SKU_00234,WH_002,249,11,12,0,0,
SKU_00217,WH_002,368,18,8,0,0,
SKU_00200,WH_001,301,16,10,0,0,
SKU_00217,WH_003,485,26,12,0,0,
SKU_00246,WH_001,231,4,8,0,0,
SKU_00213,WH_003,173,26,6,0,0,
SKU_00238,WH_003,119,0,9,0,0,
SKU_00259,WH_003,324,11,9,0,0,
SKU_00225,WH_001,443,7,14,0,0,
SKU_00234,WH_003,572,106,12,0,0,
SKU_00229,WH_001,540,47,8,0,0,
SKU_00204,WH_001,703,77,13,0,0,
SKU_00229,WH_002,250,16,9,0,0,
SKU_00246,WH_002,372,38,13,0,0,
SKU_00204,WH_002,953,63,10,0,0,
SKU_00225,WH_002,306,34,9,0,0,
SKU_00200,WH_002,345,4,11,0,0,
SKU_00216,WH_001,258,1,7,0,0,
SKU_00212,WH_001,217,7,8,0,0,
SKU_00204,WH_003,642,19,8,0,0,
SKU_00225,WH_003,565,38,13,0,0,
SKU_00200,WH_003,211,5,5,0,0,
SKU_00246,WH_003,693,60,14,0,0,
SKU_00229,WH_003,420,3,9,0,0,
SKU_00237,WH_001,199,14,10,0,0,
SKU_00212,WH_002,352,0,4,0,0,
SKU_00237,WH_002,144,8,10,0,0,
SKU_00216,WH_002,178,5,8,0,0,
SKU_00216,WH_003,227,36,11,0,0,
SKU_00212,WH_003,551,120,10,0,0,
SKU_00203,WH_001,436,5,13,0,0,
SKU_00249,WH_001,132,0,4,0,0,
SKU_00207,WH_001,198,5,9,0,0,
SKU_00237,WH_003,333,43,9,0,0,
SKU_00228,WH_001,211,6,9,0,0,
SKU_00228,WH_002,70,2,9,0,0,
SKU_00207,WH_002,527,9,13,0,0,
SKU_00203,WH_002,320,12,10,0,0,
SKU_00249,WH_002,335,2,11,0,0,
SKU_00215,WH_001,361,12,8,0,0,
SKU_00249,WH_003,221,0,3,0,0,
SKU_00203,WH_003,142,30,3,0,0,
SKU_00207,WH_003,695,66,15,0,0,
SKU_00219,WH_001,174,8,5,0,0,
SKU_00228,WH_003,722,52,15,0,0,
SKU_00219,WH_002,987,12,10,0,0,
SKU_00080,WH_001,195,4,10,0,0,
SKU_00215,WH_002,209,7,9,0,0,
SKU_00219,WH_003,201,4,6,0,0,
SKU_00080,WH_002,228,15,10,0,0,
SKU_00206,WH_001,322,30,11,0,0,
SKU_00227,WH_001,835,2,9,0,0,
SKU_00215,WH_003,245,20,11,0,0,
SKU_00080,WH_003,316,14,7,0,0,
SKU_00227,WH_002,357,20,12,0,0,
SKU_00092,WH_001,296,3,11,0,0,
SKU_00206,WH_002,263,1,5,0,0,
SKU_00092,WH_002,104,1,5,0,0,
SKU_00218,WH_001,231,2,9,0,0,
SKU_00227,WH_003,544,10,14,0,0,
SKU_00206,WH_003,230,0,6,0,0,
SKU_00092,WH_003,165,2,6,0,0,
SKU_00218,WH_002,517,5,13,0,0,
SKU_00209,WH_001,80,3,8,0,0,
SKU_00218,WH_003,418,3,8,0,0,
SKU_00205,WH_001,360,16,9,0,0,
SKU_00070,WH_001,260,0,8,0,0,
SKU_00091,WH_001,87,0,8,0,0,
SKU_00205,WH_002,239,14,9,0,0,
SKU_00095,WH_001,531,3,8,0,0,
SKU_00209,WH_002,124,7,7,0,0,
SKU_00070,WH_002,223,5,6,0,0,
SKU_00095,WH_002,656,46,10,0,0,
SKU_00205,WH_003,324,28,13,0,0,
SKU_00091,WH_002,234,18,5,0,0,
SKU_00209,WH_003,427,10,12,0,0,
SKU_00091,WH_003,938,0,8,0,0,
SKU_00061,WH_001,294,7,5,0,0,
SKU_00082,WH_001,691,12,13,0,0,
SKU_00070,WH_003,455,4,9,0,0,
SKU_00095,WH_003,387,4,11,0,0,
SKU_00061,WH_002,200,40,8,0,0,
SKU_00082,WH_002,253,31,10,0,0,
SKU_00208,WH_001,195,2,10,0,0,
SKU_00090,WH_001,600,0,11,41,0,
SKU_00208,WH_002,284,3,11,0,0,
SKU_00073,WH_001,147,2,7,0,0,
SKU_00082,WH_003,339,16,13,0,0,
SKU_00094,WH_001,355,21,8,0,0,
SKU_00061,WH_003,66,0,6,0,0,
SKU_00090,WH_002,386,2,9,1,0,
SKU_00208,WH_003,277,4,8,0,0,
SKU_00073,WH_002,362,1,10,0,0,
SKU_00094,WH_002,392,7,14,0,0,
SKU_00073,WH_003,229,0,6,0,0,
SKU_00085,WH_001,219,21,5,0,0,
SKU_00060,WH_001,13,1,2,0,0,
SKU_00090,WH_003,253,22,11,11,0,
SKU_00081,WH_001,398,12,9,0,0,
SKU_00094,WH_003,317,11,10,0,0,
SKU_00085,WH_002,230,3,7,0,0,
SKU_00081,WH_002,204,15,9,0,0,
SKU_00060,WH_002,91,4,6,0,0,
SKU_00060,WH_003,198,0,8,0,0,
SKU_00072,WH_001,954,68,13,0,0,
SKU_00085,WH_003,103,3,5,0,0,
SKU_00081,WH_003,720,15,10,0,0,
SKU_00076,WH_001,648,80,12,0,0,
SKU_00093,WH_001,394,53,7,0,0,
SKU_00051,WH_001,179,0,8,0,0,
SKU_00097,WH_001,129,17,6,0,0,
SKU_00097,WH_002,193,0,5,0,0,
SKU_00051,WH_002,142,0,5,0,0,
SKU_00076,WH_002,1344,104,13,0,0,
SKU_00072,WH_002,352,72,8,0,0,
SKU_00093,WH_002,609,14,11,0,0,
SKU_00063,WH_001,89,3,7,0,0,
SKU_00097,WH_003,230,3,9,0,0,
SKU_00084,WH_001,457,4,8,0,0,
SKU_00088,WH_001,74,2,5,0,0,
SKU_00072,WH_003,2099,583,8,0,0,
SKU_00076,WH_003,130,0,4,0,0,
SKU_00051,WH_003,302,41,10,0,0,
SKU_00093,WH_003,306,4,10,0,0,
SKU_00063,WH_002,899,0,6,0,0,
SKU_00088,WH_002,171,3,8,0,0,
SKU_00084,WH_002,534,12,15,0,0,
SKU_00071,WH_001,514,14,5,0,0,
SKU_00054,WH_001,160,8,7,0,0,
SKU_00063,WH_003,166,17,5,0,0,
SKU_00050,WH_001,180,5,7,0,0,
SKU_00084,WH_003,241,17,10,0,0,
SKU_00075,WH_001,392,16,14,0,0,
SKU_00088,WH_003,514,0,8,0,0,
SKU_00096,WH_001,392,10,15,0,0,
SKU_00096,WH_002,323,23,10,0,0,
SKU_00075,WH_002,168,3,7,0,0,
SKU_00050,WH_002,99,0,5,0,0,
SKU_00071,WH_002,596,3,11,0,0,
SKU_00054,WH_002,366,0,9,0,0,
SKU_00083,WH_001,507,34,12,0,0,
SKU_00041,WH_001,164,1,6,0,0,
SKU_00050,WH_003,502,2,10,0,0,
SKU_00054,WH_003,391,11,10,0,0,
SKU_00020,WH_001,259,11,7,0,0,
SKU_00062,WH_001,457,29,11,0,0,
SKU_00066,WH_001,169,5,9,0,0,
SKU_00071,WH_003,308,0,8,0,0,
SKU_00087,WH_001,554,85,16,0,0,
SKU_00075,WH_003,221,8,8,0,0,
SKU_00096,WH_003,221,7,9,0,0,
SKU_00041,WH_002,426,3,9,0,0,
SKU_00083,WH_002,394,12,13,0,0,
SKU_00066,WH_002,210,33,5,0,0,
SKU_00020,WH_002,205,9,5,0,0,
SKU_00087,WH_002,597,8,9,0,0,
SKU_00062,WH_002,232,8,10,0,0,
SKU_00099,WH_001,269,5,7,0,0,
SKU_00083,WH_003,896,15,9,0,0,
SKU_00066,WH_003,252,34,6,0,0,
SKU_00053,WH_001,433,13,6,0,0,
SKU_00074,WH_001,192,5,8,0,0,
SKU_00087,WH_003,323,41,12,0,0,
SKU_00078,WH_001,336,4,6,0,0,
SKU_00062,WH_003,654,9,11,0,0,
SKU_00020,WH_003,254,0,8,0,0,
SKU_00041,WH_003,261,31,10,0,0,
SKU_00032,WH_001,734,15,8,27,0,
SKU_00078,WH_002,622,0,9,0,0,
SKU_00032,WH_002,474,28,13,0,0,
SKU_00074,WH_002,114,2,11,0,0,
SKU_00053,WH_002,90,2,5,0,0,
SKU_00099,WH_002,252,16,10,0,0,
SKU_00044,WH_001,214,3,4,0,0,
SKU_00032,WH_003,126,2,6,0,0,
SKU_00086,WH_001,384,49,3,0,0,
SKU_00074,WH_003,324,29,6,0,0,
SKU_00099,WH_003,268,6,8,0,0,
SKU_00053,WH_003,355,88,7,0,0,
SKU_00078,WH_003,472,49,7,0,0,
SKU_00040,WH_001,192,46,6,0,0,
SKU_00065,WH_001,307,2,10,25,0,
SKU_00069,WH_001,1688,80,20,0,0,
SKU_00040,WH_002,291,6,8,0,0,
SKU_00069,WH_002,91,0,7,0,0,
SKU_00086,WH_002,102,4,6,0,0,
SKU_00044,WH_002,137,9,13,0,0,
SKU_00065,WH_002,139,3,5,0,0,
SKU_00040,WH_003,196,2,3,0,0,
SKU_00065,WH_003,177,0,2,0,0,
SKU_00031,WH_001,86,8,8,0,0,
SKU_00010,WH_001,511,13,13,0,0,
SKU_00098,WH_001,445,37,9,0,0,
SKU_00035,WH_001,240,5,7,0,0,
SKU_00086,WH_003,737,19,12,0,0,
SKU_00052,WH_001,1093,9,11,0,0,
SKU_00044,WH_003,22,4,3,0,0,
SKU_00069,WH_003,389,32,8,0,0,
SKU_00077,WH_001,367,4,12,0,0,
SKU_00056,WH_001,485,6,7,0,0,
SKU_00098,WH_002,793,6,13,0,0,
SKU_00052,WH_002,224,0,11,0,0,
SKU_00010,WH_002,435,53,8,0,0,
SKU_00056,WH_002,355,1,13,0,0,
SKU_00031,WH_002,441,8,13,0,0,
SKU_00035,WH_002,359,0,8,0,0,
SKU_00077,WH_002,558,30,14,0,0,
SKU_00010,WH_003,217,0,7,0,0,
SKU_00089,WH_001,351,7,9,0,0,
SKU_00077,WH_003,515,18,9,0,0,
SKU_00031,WH_003,413,5,11,0,0,
SKU_00056,WH_003,488,13,11,0,0,
SKU_00035,WH_003,231,13,6,24,0,
SKU_00098,WH_003,204,8,10,0,0,
SKU_00068,WH_001,527,28,13,0,0,
SKU_00001,WH_001,576,23,14,0,0,
SKU_00022,WH_001,65,2,4,0,0,
SKU_00047,WH_001,276,37,7,0,0,
SKU_00064,WH_001,555,7,16,0,0,
SKU_00052,WH_003,220,12,11,0,0,
SKU_00043,WH_001,477,43,7,0,0,
SKU_00043,WH_002,439,10,10,0,0,
SKU_00064,WH_002,420,0,5,0,0,
SKU_00022,WH_002,603,16,9,0,0,
SKU_00068,WH_002,326,3,12,0,0,
SKU_00300,WH_001,529,18,20,0,0,
SKU_00047,WH_002,256,2,10,0,0,
SKU_00089,WH_002,393,11,9,0,0,
SKU_00001,WH_002,229,0,8,0,0,
SKU_00034,WH_001,563,0,2,0,0,
SKU_00064,WH_003,71,6,7,0,0,
SKU_00300,WH_002,443,17,10,0,0,
SKU_00001,WH_003,218,0,6,0,0,
SKU_00030,WH_001,205,12,5,0,0,
SKU_00013,WH_001,294,0,10,0,0,
SKU_00059,WH_001,245,2,6,0,0,
SKU_00055,WH_001,196,0,8,0,0,
SKU_00022,WH_003,589,42,14,0,0,
SKU_00089,WH_003,580,16,13,0,0,
SKU_00068,WH_003,163,1,10,0,0,
SKU_00047,WH_003,425,35,9,0,0,
SKU_00043,WH_003,204,16,7,0,0,
SKU_00030,WH_002,415,23,11,0,0,
SKU_00034,WH_002,190,6,6,0,0,
SKU_00013,WH_002,206,6,10,0,0,
SKU_00059,WH_002,293,1,11,0,0,
SKU_00055,WH_002,544,36,18,0,0,
SKU_00300,WH_003,376,7,9,0,0,
SKU_00059,WH_003,111,0,8,0,0,
SKU_00067,WH_001,507,3,9,0,0,
SKU_00025,WH_001,257,0,9,0,0,
SKU_00046,WH_001,447,69,9,0,0,
SKU_00021,WH_001,383,3,10,0,0,
SKU_00042,WH_001,63,0,5,0,0,
SKU_00055,WH_003,117,3,8,0,0,
SKU_00013,WH_003,116,1,11,0,0,
SKU_00034,WH_003,334,45,10,0,0,
SKU_00030,WH_003,245,7,8,0,0,
SKU_00042,WH_002,450,15,4,0,0,
SKU_00046,WH_002,271,1,7,0,0,
SKU_00067,WH_002,197,0,7,0,0,
SKU_00025,WH_002,409,34,10,0,0,
SKU_00021,WH_002,472,42,13,0,0,
SKU_00037,WH_001,236,4,6,0,0,
SKU_00033,WH_001,184,5,4,0,0,
SKU_00025,WH_003,150,1,10,0,0,
SKU_00012,WH_001,75,0,4,0,0,
SKU_00067,WH_003,676,17,11,0,0,
SKU_00079,WH_001,428,0,5,0,0,
SKU_00016,WH_001,364,65,8,0,0,
SKU_00021,WH_003,410,38,12,0,0,
SKU_00042,WH_003,347,8,10,0,0,
SKU_00046,WH_003,542,6,6,0,0,
SKU_00058,WH_001,330,11,9,0,0,
SKU_00033,WH_002,683,3,9,0,0,
SKU_00079,WH_002,166,0,7,0,0,
SKU_00058,WH_002,191,0,8,0,0,
SKU_00016,WH_002,1205,107,5,0,0,
SKU_00037,WH_002,532,57,12,0,0,
SKU_00012,WH_002,494,21,12,0,0,
SKU_00024,WH_001,30,0,4,0,0,
SKU_00033,WH_003,544,0,13,0,0,
SKU_00058,WH_003,41,2,5,0,0,
SKU_00079,WH_003,503,38,9,0,0,
SKU_00012,WH_003,652,1,15,0,0,
SKU_00016,WH_003,654,40,11,0,0,
SKU_00049,WH_001,195,29,9,0,0,
SKU_00028,WH_001,357,14,14,0,0,
SKU_00037,WH_003,396,16,10,0,0,
SKU_00045,WH_001,158,0,7,0,0,
SKU_00003,WH_001,644,9,11,0,0,
