customer_type,orders,lines,units
2026-01-16 19:03:00,1,1,0
2026-01-14 19:46:00,2,2,0
2026-01-15 13:43:00,1,1,0
2026-01-10 07:32:00,1,1,0
2026-01-14 08:03:00,2,2,0
2026-01-12 08:46:00,2,2,0
2026-01-10 17:50:00,1,1,0
2026-01-16 09:13:00,1,1,0
2026-01-14 18:29:00,1,1,0
2026-01-14 09:56:00,2,2,0
2026-01-13 11:16:00,1,1,0
2026-01-11 20:20:00,1,1,0
2026-01-11 20:28:00,1,1,0
2026-01-11 11:51:00,1,1,0
2026-01-13 11:12:00,2,2,0
2026-01-16 19:39:00,1,1,0
2026-01-15 12:26:00,1,1,0
2026-01-15 12:22:00,2,2,0
2026-01-13 21:34:00,2,2,0
2026-01-13 21:38:00,1,1,0
2026-01-10 06:11:00,1,1,0
2026-01-13 15:40:00,1,1,0
2026-01-10 06:15:00,2,2,0
2026-01-15 16:54:00,1,1,0
2026-01-15 16:50:00,2,2,0
2026-01-12 07:29:00,1,1,0
2026-01-14 17:08:00,3,3,0
2026-01-11 10:38:00,2,2,0
2026-01-15 11:09:00,1,1,0
2026-01-13 14:27:00,1,1,0
2026-01-15 15:37:00,3,3,0
2026-01-15 15:33:00,1,1,0
2026-01-13 18:51:00,1,1,0
2026-01-12 19:01:00,3,3,0
2026-01-13 13:06:00,2,2,0
2026-01-13 13:02:00,2,2,0
2026-01-11 13:45:00,1,1,0
2026-01-11 16:20:00,1,1,0
2026-01-15 14:16:00,1,1,0
2026-01-13 17:30:00,1,1,0
2026-01-15 18:44:00,1,1,0
2026-01-15 18:48:00,2,2,0
2026-01-14 20:00:00,1,1,0
2026-01-14 11:31:00,1,1,0
2026-01-14 11:35:00,1,1,0
2026-01-12 09:19:00,1,1,0
2026-01-12 20:47:00,1,1,0
2026-01-16 12:41:00,1,1,0
2026-01-11 15:03:00,1,1,0
2026-01-15 07:09:00,1,1,0
2026-01-15 07:01:00,1,1,0
2026-01-13 16:17:00,1,1,0
2026-01-13 16:13:00,1,1,0
2026-01-13 07:44:00,2,2,0
2026-01-15 17:27:00,1,1,0
2026-01-14 10:18:00,2,2,0
2026-01-14 10:10:00,2,2,0
2026-01-14 14:46:00,1,1,0
2026-01-14 14:42:00,1,1,0
2026-01-16 15:52:00,1,1,0
2026-01-11 18:10:00,2,2,0
2026-01-11 09:45:00,2,2,0
2026-01-13 19:28:00,2,2,0
2026-01-10 12:54:00,1,1,0
2026-01-13 19:24:00,2,2,0
2026-01-10 12:58:00,1,1,0
2026-01-13 19:20:00,1,1,0
2026-01-14 13:29:00,1,1,0
2026-01-14 13:25:00,1,1,0
2026-01-16 14:39:00,1,1,0
2026-01-14 17:53:00,1,1,0
2026-01-14 17:57:00,2,2,0
2026-01-11 08:28:00,2,2,0
2026-01-15 11:54:00,1,1,0
2026-01-15 11:50:00,1,1,0
2026-01-13 18:07:00,2,2,0
2026-01-14 12:08:00,2,2,0
2026-01-14 12:04:00,2,2,0
2026-01-12 06:53:00,2,2,0
2026-01-12 15:26:00,1,1,0
2026-01-16 07:28:00,1,1,0
2026-01-14 16:32:00,3,3,0
2026-01-14 16:36:00,4,4,0
2026-01-11 07:07:00,1,1,0
2026-01-16 17:46:00,1,1,0
2026-01-15 10:37:00,2,2,0
2026-01-15 10:33:00,5,5,0
2026-01-15 20:59:00,3,3,0
2026-01-10 14:44:00,1,1,0
2026-01-10 14:48:00,1,1,0
2026-01-12 14:09:00,1,1,0
2026-01-16 06:03:00,1,1,0
2026-01-14 09:21:00,1,1,0
2026-01-14 15:15:00,1,1,0
2026-01-14 15:19:00,3,3,0
2026-01-12 18:33:00,1,1,0
2026-01-14 19:47:00,1,1,0
2026-01-14 19:43:00,2,2,0
2026-01-13 12:34:00,1,1,0
2026-01-13 12:30:00,1,1,0
2026-01-15 13:44:00,2,2,0
2026-01-15 13:40:00,3,3,0
2026-01-15 13:48:00,2,2,0
2026-01-14 08:08:00,2,2,0
2026-01-14 08:00:00,3,3,0
2026-01-12 08:43:00,1,1,0
2026-01-16 09:14:00,1,1,0
2026-01-14 18:26:00,1,1,0
2026-01-13 11:17:00,1,1,0
2026-01-11 20:21:00,1,1,0
2026-01-15 12:27:00,1,1,0
2026-01-13 21:39:00,3,3,0
2026-01-13 15:45:00,4,4,0
2026-01-13 15:41:00,1,1,0
2026-01-15 16:55:00,1,1,0
2026-01-15 16:51:00,3,3,0
2026-01-11 13:14:00,1,1,0
2026-01-13 14:20:00,1,1,0
2026-01-13 14:28:00,2,2,0
2026-01-13 14:24:00,1,1,0
2026-01-15 09:40:00,2,2,0
2026-01-15 15:38:00,1,1,0
2026-01-13 18:52:00,2,2,0
2026-01-10 09:27:00,1,1,0
2026-01-14 12:53:00,1,1,0
2026-01-13 13:03:00,2,2,0
2026-01-13 13:07:00,1,1,0
2026-01-15 08:23:00,2,2,0
2026-01-15 08:27:00,1,1,0
2026-01-13 17:35:00,1,1,0
2026-01-10 08:06:00,1,1,0
2026-01-15 18:49:00,1,1,0
2026-01-15 18:45:00,2,2,0
2026-01-14 20:05:00,1,1,0
2026-01-14 11:32:00,1,1,0
2026-01-14 20:01:00,4,4,0
2026-01-16 21:19:00,2,2,0
2026-01-14 21:58:00,1,1,0
2026-01-11 06:35:00,1,1,0
2026-01-11 15:08:00,2,2,0
2026-01-13 16:18:00,2,2,0
2026-01-13 07:49:00,3,3,0
2026-01-14 10:15:00,1,1,0
2026-01-12 13:33:00,1,1,0
2026-01-16 11:29:00,1,1,0
2026-01-13 09:03:00,2,2,0
2026-01-11 18:15:00,1,1,0
2026-01-11 09:46:00,1,1,0
2026-01-13 19:25:00,1,1,0
2026-01-10 21:28:00,2,2,0
2026-01-10 12:51:00,2,2,0
2026-01-10 12:59:00,1,1,0
2026-01-13 19:29:00,4,4,0
2026-01-14 13:22:00,2,2,0
2026-01-12 16:40:00,1,1,0
2026-01-16 17:11:00,1,1,0
2026-01-16 08:42:00,1,1,0
2026-01-14 17:54:00,1,1,0
2026-01-14 17:50:00,1,1,0
2026-01-14 17:58:00,3,3,0
2026-01-13 10:41:00,1,1,0
2026-01-15 11:59:00,1,1,0
2026-01-15 11:51:00,5,5,0
2026-01-15 20:24:00,1,1,0
2026-01-10 11:38:00,1,1,0
2026-01-14 12:09:00,3,3,0
2026-01-14 06:15:00,1,1,0
2026-01-12 06:58:00,1,1,0
2026-01-12 15:23:00,2,2,0
2026-01-12 06:54:00,3,3,0
2026-01-12 15:27:00,1,1,0
2026-01-16 07:29:00,1,1,0
2026-01-14 16:33:00,1,1,0
2026-01-12 19:51:00,1,1,0
2026-01-15 10:34:00,1,1,0
2026-01-15 10:38:00,4,4,0
2026-01-13 13:52:00,4,4,0
2026-01-12 14:02:00,1,1,0
2026-01-16 06:08:00,1,1,0
2026-01-14 09:22:00,1,1,0
2026-01-14 09:26:00,1,1,0
2026-01-12 18:34:00,2,2,0
2026-01-12 18:38:00,1,1,0
2026-01-16 19:09:00,1,1,0
2026-01-14 19:48:00,4,4,0
2026-01-14 19:44:00,3,3,0
2026-01-13 12:35:00,1,1,0
2026-01-13 21:04:00,2,2,0
2026-01-15 07:51:00,1,1,0
2026-01-15 13:49:00,1,1,0
2026-01-15 13:45:00,1,1,0
2026-01-10 07:34:00,1,1,0
2026-01-10 16:07:00,2,2,0
2026-01-10 07:30:00,1,1,0
2026-01-10 16:03:00,1,1,0
2026-01-14 08:05:00,1,1,0
2026-01-14 08:01:00,2,2,0
2026-01-12 17:13:00,1,1,0
2026-01-13 11:14:00,1,1,0
2026-01-11 20:26:00,1,1,0
2026-01-11 11:57:00,1,1,0
2026-01-15 06:34:00,1,1,0
2026-01-15 06:30:00,2,2,0
2026-01-15 15:03:00,2,2,0
2026-01-13 15:42:00,1,1,0
2026-01-15 16:56:00,1,1,0
2026-01-10 19:14:00,2,2,0
2026-01-10 19:10:00,1,1,0
2026-01-13 14:25:00,2,2,0
2026-01-13 14:29:00,3,3,0
2026-01-15 15:39:00,2,2,0
2026-01-15 18:10:00,3,3,0
2026-01-15 09:41:00,1,1,0
2026-01-15 09:45:00,3,3,0
2026-01-14 12:58:00,1,1,0
2026-01-14 12:50:00,2,2,0
2026-01-14 21:23:00,2,2,0
2026-01-12 19:07:00,3,3,0
2026-01-13 07:10:00,2,2,0
2026-01-13 07:14:00,1,1,0
2026-01-11 16:26:00,1,1,0
2026-01-13 13:08:00,2,2,0
2026-01-11 07:57:00,1,1,0
2026-01-15 08:24:00,1,1,0
2026-01-15 08:20:00,1,1,0
2026-01-15 08:28:00,2,2,0
2026-01-13 17:32:00,1,1,0
2026-01-13 17:36:00,2,2,0
2026-01-14 11:37:00,1,1,0
2026-01-14 11:33:00,1,1,0
2026-01-14 20:06:00,2,2,0
2026-01-12 14:51:00,1,1,0
2026-01-12 20:45:00,2,2,0
2026-01-16 15:22:00,1,1,0
2026-01-11 15:01:00,1,1,0
2026-01-15 07:07:00,2,2,0
2026-01-10 12:20:00,1,1,0
2026-01-13 16:19:00,2,2,0
2026-01-12 13:34:00,1,1,0
2026-01-12 13:30:00,1,1,0
2026-01-16 14:01:00,1,1,0
2026-01-16 14:05:00,1,1,0
2026-01-14 14:48:00,1,1,0
2026-01-14 14:44:00,4,4,0
2026-01-16 18:33:00,1,1,0
2026-01-16 15:58:00,1,1,0
2026-01-13 09:04:00,1,1,0
2026-01-13 09:00:00,2,2,0
2026-01-13 09:08:00,4,4,0
2026-01-10 11:03:00,1,1,0
2026-01-11 18:12:00,2,2,0
2026-01-11 18:16:00,2,2,0
2026-01-15 21:42:00,1,1,0
2026-01-10 21:21:00,1,1,0
2026-01-10 21:29:00,1,1,0
2026-01-14 07:33:00,1,1,0
2026-01-14 13:27:00,2,2,0
2026-01-16 08:47:00,1,1,0
2026-01-14 17:55:00,4,4,0
2026-01-14 17:51:00,5,5,0
2026-01-14 17:59:00,2,2,0
2026-01-13 10:42:00,2,2,0
2026-01-15 20:29:00,1,1,0
2026-01-15 20:21:00,2,2,0
2026-01-15 20:25:00,1,1,0
2026-01-15 11:52:00,2,2,0
2026-01-15 11:56:00,1,1,0
2026-01-10 20:08:00,1,1,0
2026-01-14 06:12:00,1,1,0
2026-01-14 06:16:00,1,1,0
2026-01-12 15:28:00,1,1,0
2026-01-12 15:24:00,1,1,0
2026-01-16 07:26:00,1,1,0
2026-01-14 16:38:00,1,1,0
2026-01-12 19:52:00,1,1,0
2026-01-15 13:10:00,1,1,0
2026-01-15 10:35:00,2,2,0
2026-01-10 08:52:00,1,1,0
2026-01-10 08:56:00,1,1,0
2026-01-16 06:09:00,2,2,0
2026-01-14 09:27:00,1,1,0
2026-01-14 09:23:00,2,2,0
2026-01-11 11:22:00,1,1,0
2026-01-12 18:39:00,1,1,0
2026-01-16 19:02:00,1,1,0
2026-01-16 19:06:00,1,1,0
2026-01-13 21:01:00,1,1,0
2026-01-13 12:32:00,1,1,0
2026-01-13 21:05:00,1,1,0
2026-01-11 21:44:00,1,1,0
2026-01-13 12:36:00,1,1,0
2026-01-11 21:48:00,1,1,0
2026-01-15 07:52:00,2,2,0
2026-01-15 16:21:00,1,1,0
2026-01-15 13:46:00,3,3,0
2026-01-10 16:04:00,1,1,0
2026-01-14 08:06:00,1,1,0
2026-01-12 17:18:00,1,1,0
2026-01-11 10:01:00,1,1,0
2026-01-13 11:19:00,2,2,0
2026-01-13 11:15:00,3,3,0
2026-01-11 20:27:00,1,1,0
2026-01-15 06:35:00,1,1,0
2026-01-15 06:31:00,1,1,0
2026-01-15 06:39:00,1,1,0
2026-01-13 15:43:00,1,1,0
2026-01-10 06:18:00,1,1,0
2026-01-13 15:47:00,1,1,0
2026-01-15 16:57:00,2,2,0
2026-01-16 10:58:00,1,1,0
2026-01-13 08:32:00,1,1,0
2026-01-11 17:44:00,1,1,0
2026-01-15 18:11:00,1,1,0
2026-01-15 09:42:00,1,1,0
2026-01-15 09:46:00,1,1,0
2026-01-15 18:15:00,2,2,0
2026-01-12 11:45:00,1,1,0
2026-01-13 18:50:00,1,1,0
2026-01-13 18:58:00,3,3,0
2026-01-14 21:28:00,3,3,0
2026-01-14 12:59:00,2,2,0
2026-01-14 12:51:00,3,3,0
2026-01-14 12:55:00,1,1,0
2026-01-14 21:24:00,2,2,0
2026-01-11 06:01:00,1,1,0
2026-01-16 16:40:00,1,1,0
2026-01-13 07:19:00,1,1,0
2026-01-11 07:58:00,1,1,0
2026-01-11 16:23:00,1,1,0
2026-01-15 08:25:00,2,2,0
2026-01-15 08:29:00,4,4,0
2026-01-12 10:28:00,1,1,0
2026-01-13 17:37:00,2,2,0
2026-01-14 20:03:00,1,1,0
2026-01-14 11:34:00,2,2,0
2026-01-14 11:38:00,1,1,0
2026-01-14 20:07:00,3,3,0
2026-01-16 06:58:00,2,2,0
2026-01-11 15:06:00,1,1,0
2026-01-15 07:08:00,1,1,0
2026-01-11 19:30:00,1,1,0
2026-01-12 13:35:00,1,1,0
2026-01-12 13:31:00,1,1,0
2026-01-14 14:49:00,1,1,0
2026-01-14 08:51:00,3,3,0
2026-01-14 14:45:00,2,2,0
2026-01-16 18:34:00,1,1,0
2026-01-13 09:09:00,1,1,0
2026-01-13 09:01:00,1,1,0
2026-01-11 09:48:00,3,3,0
2026-01-10 11:08:00,1,1,0
2026-01-15 21:47:00,1,1,0
2026-01-15 21:43:00,2,2,0
2026-01-14 07:34:00,1,1,0
2026-01-14 16:03:00,1,1,0
2026-01-14 07:30:00,2,2,0
2026-01-12 16:46:00,1,1,0
2026-01-16 17:17:00,1,1,0
2026-01-15 10:04:00,1,1,0
2026-01-15 10:00:00,1,1,0
2026-01-13 10:43:00,2,2,0
2026-01-13 10:47:00,2,2,0
2026-01-15 11:57:00,1,1,0
2026-01-10 14:11:00,1,1,0
2026-01-14 06:17:00,1,1,0
2026-01-14 06:13:00,3,3,0
2026-01-12 06:56:00,1,1,0
2026-01-16 07:27:00,3,3,0
2026-01-14 19:10:00,2,2,0
2026-01-15 13:11:00,2,2,0
2026-01-13 13:54:00,1,1,0
2026-01-13 13:58:00,4,4,0
2026-01-12 14:08:00,1,1,0
2026-01-12 08:10:00,1,1,0
2026-01-10 08:57:00,1,1,0
2026-01-12 18:36:00,2,2,0
2026-01-16 19:07:00,1,1,0
2026-01-13 12:37:00,1,1,0
2026-01-13 21:06:00,1,1,0
2026-01-11 21:49:00,1,1,0
2026-01-11 15:51:00,1,1,0
2026-01-11 21:45:00,1,1,0
2026-01-13 21:02:00,4,4,0
2026-01-15 07:53:00,4,4,0
2026-01-15 16:22:00,3,3,0
2026-01-10 07:36:00,1,1,0
2026-01-14 08:07:00,1,1,0
2026-01-11 10:02:00,1,1,0
2026-01-11 10:06:00,1,1,0
2026-01-15 15:05:00,1,1,0
2026-01-15 06:36:00,1,1,0
2026-01-13 15:44:00,2,2,0
2026-01-15 19:33:00,1,1,0
2026-01-10 19:16:00,2,2,0
2026-01-16 10:59:00,1,1,0
2026-01-11 13:17:00,1,1,0
2026-01-13 08:37:00,1,1,0
2026-01-13 17:02:00,2,2,0
2026-01-13 08:33:00,1,1,0
2026-01-11 17:45:00,1,1,0
2026-01-15 18:16:00,1,1,0
2026-01-15 18:12:00,1,1,0
2026-01-15 09:43:00,1,1,0
2026-01-15 09:47:00,3,3,0
2026-01-13 18:59:00,2,2,0
2026-01-12 20:15:00,1,1,0
2026-01-12 11:46:00,1,1,0
2026-01-12 11:42:00,1,1,0
2026-01-14 21:21:00,2,2,0
2026-01-14 12:52:00,3,3,0
2026-01-14 12:56:00,2,2,0
2026-01-14 21:25:00,2,2,0
2026-01-13 07:16:00,1,1,0
2026-01-11 07:59:00,2,2,0
2026-01-11 07:55:00,1,1,0
2026-01-15 08:26:00,3,3,0
2026-01-13 17:38:00,1,1,0
2026-01-12 10:21:00,1,1,0
2026-01-14 11:39:00,1,1,0
2026-01-14 14:10:00,2,2,0
2026-01-14 20:08:00,5,5,0
2026-01-16 15:24:00,2,2,0
2026-01-16 06:59:00,4,4,0
2026-01-16 06:55:00,1,1,0
2026-01-11 09:13:00,1,1,0
2026-01-10 12:22:00,1,1,0
2026-01-10 12:26:00,1,1,0
2026-01-12 13:36:00,1,1,0
2026-01-16 14:07:00,1,1,0
2026-01-14 17:21:00,1,1,0
2026-01-14 08:52:00,1,1,0
2026-01-16 18:39:00,2,2,0
2026-01-15 11:22:00,3,3,0
2026-01-13 09:06:00,1,1,0
2026-01-13 20:30:00,2,2,0
2026-01-13 20:34:00,1,1,0
2026-01-10 11:09:00,1,1,0
2026-01-15 21:48:00,1,1,0
2026-01-15 21:40:00,1,1,0
2026-01-12 06:25:00,1,1,0
2026-01-12 12:19:00,1,1,0
2026-01-10 15:33:00,1,1,0
2026-01-14 07:31:00,1,1,0
2026-01-14 16:00:00,2,2,0
2026-01-14 16:04:00,1,1,0
2026-01-14 07:35:00,3,3,0
2026-01-14 16:08:00,2,2,0
2026-01-14 07:39:00,3,3,0
2026-01-12 16:43:00,1,1,0
2026-01-16 17:18:00,1,1,0
2026-01-16 08:49:00,1,1,0
2026-01-16 08:45:00,2,2,0
2026-01-15 10:05:00,1,1,0
2026-01-13 10:44:00,1,1,0
2026-01-13 10:40:00,2,2,0
2026-01-15 20:23:00,2,2,0
2026-01-15 20:27:00,3,3,0
2026-01-15 11:58:00,1,1,0
2026-01-10 14:16:00,1,1,0
2026-01-14 06:14:00,1,1,0
2026-01-10 18:48:00,1,1,0
2026-01-14 19:15:00,2,2,0
2026-01-14 19:11:00,1,1,0
2026-01-14 19:19:00,2,2,0
2026-01-15 13:12:00,4,4,0
2026-01-15 13:16:00,2,2,0
2026-01-13 13:59:00,2,2,0
2026-01-12 08:11:00,1,1,0
2026-01-12 08:19:00,1,1,0
2026-01-16 11:41:00,2,2,0
2026-01-14 09:25:00,2,2,0
2026-01-14 20:53:00,2,2,0
2026-01-14 09:29:00,5,5,0
2026-01-11 11:28:00,1,1,0
2026-01-12 18:37:00,1,1,0
2026-01-16 19:08:00,1,1,0
2026-01-13 06:40:00,1,1,0
2026-01-13 21:03:00,2,2,0
2026-01-13 06:44:00,3,3,0
2026-01-11 15:56:00,1,1,0
2026-01-15 07:50:00,1,1,0
2026-01-15 16:23:00,2,2,0
2026-01-15 07:54:00,1,1,0
2026-01-15 07:58:00,2,2,0
2026-01-10 16:06:00,1,1,0
2026-01-16 10:24:00,1,1,0
2026-01-16 14:52:00,2,2,0
2026-01-16 20:46:00,1,1,0
2026-01-11 14:39:00,1,1,0
2026-01-15 06:37:00,1,1,0
2026-01-15 15:02:00,3,3,0
2026-01-15 15:06:00,1,1,0
2026-01-15 06:33:00,3,3,0
2026-01-13 09:55:00,1,1,0
2026-01-13 15:49:00,1,1,0
2026-01-13 09:51:00,2,2,0
2026-01-10 19:17:00,1,1,0
2026-01-16 13:35:00,1,1,0
2026-01-11 13:18:00,2,2,0
2026-01-11 07:20:00,1,1,0
2026-01-13 08:30:00,3,3,0
2026-01-11 17:42:00,1,1,0
2026-01-11 17:46:00,2,2,0
2026-01-15 18:13:00,2,2,0
2026-01-15 09:44:00,2,2,0
2026-01-15 09:48:00,1,1,0
2026-01-15 18:17:00,2,2,0
2026-01-14 11:04:00,1,1,0
2026-01-13 18:56:00,1,1,0
2026-01-10 20:59:00,1,1,0
2026-01-14 21:22:00,1,1,0
2026-01-14 21:26:00,3,3,0
2026-01-11 06:07:00,2,2,0
2026-01-16 16:42:00,1,1,0
2026-01-13 07:17:00,2,2,0
2026-01-13 07:13:00,3,3,0
2026-01-12 10:26:00,1,1,0
2026-01-10 13:40:00,1,1,0
2026-01-10 13:44:00,1,1,0
2026-01-14 20:09:00,1,1,0
2026-01-14 14:15:00,1,1,0
2026-01-14 14:11:00,2,2,0
2026-01-16 06:56:00,2,2,0
2026-01-11 09:10:00,1,1,0
2026-01-11 09:18:00,1,1,0
2026-01-16 19:53:00,1,1,0
2026-01-11 19:36:00,1,1,0
2026-01-13 21:52:00,1,1,0
2026-01-10 16:55:00,1,1,0
2026-01-16 14:08:00,1,1,0
2026-01-16 08:10:00,1,1,0
2026-01-16 08:14:00,2,2,0
2026-01-14 17:26:00,1,1,0
2026-01-14 08:53:00,1,1,0
2026-01-14 17:22:00,1,1,0
2026-01-14 08:57:00,2,2,0
2026-01-13 20:35:00,1,1,0
2026-01-10 11:06:00,1,1,0
2026-01-13 20:31:00,1,1,0
2026-01-15 21:45:00,1,1,0
2026-01-15 21:41:00,2,2,0
2026-01-12 06:22:00,1,1,0
2026-01-14 16:05:00,1,1,0
2026-01-14 16:09:00,1,1,0
2026-01-14 16:01:00,4,4,0
2026-01-16 17:15:00,1,1,0
2026-01-16 17:19:00,2,2,0
2026-01-15 10:06:00,1,1,0
2026-01-15 10:02:00,3,3,0
2026-01-13 10:49:00,3,3,0
2026-01-13 10:45:00,1,1,0
2026-01-15 14:30:00,1,1,0
2026-01-15 14:34:00,1,1,0
2026-01-15 20:28:00,3,3,0
2026-01-10 14:17:00,1,1,0
2026-01-14 06:19:00,3,3,0
2026-01-12 09:33:00,2,2,0
2026-01-14 19:12:00,1,1,0
2026-01-14 19:16:00,4,4,0
2026-01-11 12:46:00,1,1,0
2026-01-11 12:42:00,1,1,0
2026-01-13 12:03:00,1,1,0
2026-01-15 13:17:00,2,2,0
2026-01-13 13:56:00,2,2,0
2026-01-15 17:41:00,1,1,0
2026-01-12 08:12:00,1,1,0
2026-01-14 20:54:00,1,1,0
2026-01-14 20:50:00,2,2,0
2026-01-11 11:25:00,1,1,0
2026-01-13 06:41:00,2,2,0
2026-01-13 21:08:00,1,1,0
2026-01-13 06:45:00,2,2,0
2026-01-13 15:10:00,1,1,0
2026-01-13 12:39:00,1,1,0
2026-01-13 15:14:00,1,1,0
2026-01-11 15:57:00,1,1,0
2026-01-15 16:20:00,2,2,0
2026-01-15 07:59:00,2,2,0
2026-01-15 16:28:00,1,1,0
2026-01-15 16:24:00,2,2,0
2026-01-16 10:21:00,2,2,0
2026-01-15 06:38:00,1,1,0
2026-01-13 09:56:00,2,2,0
2026-01-10 11:51:00,1,1,0
2026-01-13 09:52:00,2,2,0
2026-01-15 19:31:00,2,2,0
2026-01-15 19:39:00,1,1,0
2026-01-15 19:35:00,3,3,0
2026-01-14 12:22:00,1,1,0
2026-01-12 21:34:00,1,1,0
2026-01-16 13:36:00,2,2,0
2026-01-11 07:25:00,2,2,0
2026-01-11 07:21:00,1,1,0
2026-01-13 08:31:00,1,1,0
2026-01-13 17:08:00,1,1,0
2026-01-13 08:39:00,2,2,0
2026-01-13 17:04:00,1,1,0
2026-01-15 18:14:00,3,3,0
2026-01-14 11:09:00,2,2,0
2026-01-14 11:01:00,1,1,0
2026-01-12 11:44:00,1,1,0
2026-01-10 20:56:00,2,2,0
2026-01-16 12:19:00,1,1,0
2026-01-14 15:33:00,1,1,0
2026-01-11 06:00:00,2,2,0
2026-01-13 07:18:00,1,1,0
2026-01-12 13:02:00,1,1,0
2026-01-10 13:49:00,2,2,0
2026-01-10 13:45:00,1,1,0
2026-01-16 09:32:00,2,2,0
2026-01-16 06:57:00,1,1,0
2026-01-14 18:44:00,1,1,0
2026-01-11 09:15:00,1,1,0
2026-01-16 19:50:00,1,1,0
2026-01-15 21:10:00,1,1,0
2026-01-15 12:41:00,2,2,0
2026-01-13 21:53:00,1,1,0
2026-01-12 07:40:00,1,1,0
2026-01-14 08:50:00,3,3,0
2026-01-14 08:58:00,2,2,0
2026-01-14 17:23:00,2,2,0
2026-01-14 17:27:00,1,1,0
2026-01-14 08:54:00,1,1,0
2026-01-11 10:57:00,1,1,0
2026-01-11 10:53:00,1,1,0
2026-01-15 11:20:00,3,3,0
2026-01-15 11:24:00,3,3,0
2026-01-13 20:36:00,3,3,0
2026-01-15 15:52:00,3,3,0
2026-01-10 15:35:00,1,1,0
2026-01-14 16:06:00,1,1,0
2026-01-14 16:02:00,1,1,0
2026-01-14 07:37:00,2,2,0
2026-01-15 10:03:00,2,2,0
2026-01-13 13:21:00,2,2,0
2026-01-15 14:35:00,5,5,0
2026-01-10 14:18:00,2,2,0
2026-01-10 08:20:00,1,1,0
2026-01-12 09:34:00,1,1,0
2026-01-14 19:17:00,1,1,0
2026-01-14 19:13:00,2,2,0
2026-01-13 12:08:00,2,2,0
2026-01-13 12:00:00,2,2,0
2026-01-13 12:04:00,2,2,0
2026-01-15 07:20:00,3,3,0
2026-01-15 13:14:00,1,1,0
2026-01-13 13:57:00,3,3,0
2026-01-13 16:32:00,2,2,0
2026-01-10 07:03:00,1,1,0
2026-01-15 17:42:00,2,2,0
2026-01-15 17:46:00,1,1,0
2026-01-12 08:17:00,1,1,0
2026-01-16 11:47:00,1,1,0
2026-01-14 20:59:00,3,3,0
2026-01-15 06:03:00,3,3,0
2026-01-13 06:46:00,1,1,0
2026-01-13 15:11:00,3,3,0
2026-01-13 06:42:00,4,4,0
2026-01-11 15:54:00,1,1,0
2026-01-11 15:58:00,1,1,0
2026-01-15 16:25:00,1,1,0
2026-01-15 07:56:00,1,1,0
2026-01-15 16:29:00,1,1,0
2026-01-13 19:43:00,3,3,0
2026-01-16 10:22:00,1,1,0
2026-01-16 14:50:00,3,3,0
2026-01-11 08:43:00,1,1,0
2026-01-11 14:37:00,1,1,0
2026-01-15 09:10:00,1,1,0
2026-01-15 09:14:00,1,1,0
2026-01-13 18:22:00,1,1,0
2026-01-13 09:53:00,1,1,0
2026-01-13 18:26:00,2,2,0
2026-01-13 09:57:00,2,2,0
2026-01-10 11:52:00,1,1,0
2026-01-10 11:56:00,2,2,0
2026-01-15 19:36:00,4,4,0
2026-01-14 12:27:00,2,2,0
2026-01-14 12:23:00,1,1,0
2026-01-12 21:39:00,1,1,0
2026-01-16 13:33:00,1,1,0
2026-01-14 16:51:00,1,1,0
2026-01-13 17:05:00,1,1,0
2026-01-13 17:01:00,2,2,0
2026-01-13 08:36:00,3,3,0
2026-01-11 17:48:00,1,1,0
2026-01-13 17:09:00,3,3,0
2026-01-10 10:31:00,1,1,0
2026-01-10 10:39:00,1,1,0
2026-01-12 11:49:00,1,1,0
2026-01-14 15:30:00,4,4,0
2026-01-14 15:38:00,1,1,0
2026-01-14 15:34:00,2,2,0
2026-01-11 19:06:00,2,2,0
2026-01-10 13:46:00,1,1,0
2026-01-12 13:03:00,1,1,0
2026-01-14 14:17:00,1,1,0
2026-01-16 09:33:00,2,2,0
2026-01-14 18:45:00,1,1,0
2026-01-11 20:40:00,1,1,0
2026-01-16 19:59:00,1,1,0
2026-01-15 12:46:00,2,2,0
2026-01-15 12:42:00,1,1,0
2026-01-15 21:11:00,1,1,0
2026-01-13 21:50:00,2,2,0
2026-01-10 12:29:00,2,2,0
2026-01-13 21:58:00,3,3,0
2026-01-10 06:31:00,1,1,0
2026-01-10 12:25:00,1,1,0
2026-01-13 21:54:00,2,2,0
2026-01-12 16:14:00,1,1,0
2026-01-12 07:45:00,1,1,0
2026-01-12 16:10:00,1,1,0
2026-01-12 07:41:00,1,1,0
2026-01-14 08:59:00,2,2,0
2026-01-14 17:24:00,2,2,0
2026-01-14 17:20:00,1,1,0
2026-01-14 17:28:00,4,4,0
2026-01-13 10:11:00,3,3,0
2026-01-13 10:15:00,1,1,0
2026-01-15 11:21:00,1,1,0
2026-01-15 11:25:00,1,1,0
2026-01-15 11:29:00,2,2,0
2026-01-13 20:37:00,1,1,0
2026-01-13 20:33:00,1,1,0
2026-01-15 15:53:00,2,2,0
2026-01-15 15:57:00,3,3,0
2026-01-10 15:36:00,1,1,0
2026-01-14 16:07:00,3,3,0
2026-01-12 19:21:00,2,2,0
2026-01-15 10:08:00,1,1,0
2026-01-13 13:22:00,1,1,0
2026-01-13 13:26:00,1,1,0
2026-01-15 14:32:00,2,2,0
2026-01-10 08:21:00,2,2,0
2026-01-13 17:50:00,1,1,0
2026-01-10 08:29:00,2,2,0
2026-01-12 09:39:00,1,1,0
2026-01-12 18:04:00,1,1,0
2026-01-12 09:35:00,1,1,0
2026-01-10 18:47:00,1,1,0
2026-01-14 19:18:00,1,1,0
2026-01-13 12:09:00,1,1,0
2026-01-13 12:01:00,2,2,0
2026-01-11 21:17:00,1,1,0
2026-01-15 13:19:00,1,1,0
2026-01-15 13:15:00,1,1,0
2026-01-15 07:21:00,3,3,0
2026-01-10 07:08:00,1,1,0
2026-01-15 17:43:00,1,1,0
2026-01-14 10:30:00,2,2,0
2026-01-14 10:34:00,2,2,0
2026-01-16 11:48:00,1,1,0
2026-01-16 20:17:00,1,1,0
2026-01-14 20:52:00,1,1,0
2026-01-14 20:56:00,1,1,0
2026-01-15 06:08:00,1,1,0
2026-01-15 06:04:00,2,2,0
2026-01-15 06:00:00,3,3,0
2026-01-13 06:47:00,1,1,0
2026-01-11 15:59:00,1,1,0
2026-01-11 15:55:00,2,2,0
2026-01-15 16:26:00,3,3,0
2026-01-13 19:44:00,2,2,0
2026-01-13 19:40:00,2,2,0
2026-01-14 13:41:00,1,1,0
2026-01-14 13:45:00,2,2,0
2026-01-16 14:51:00,1,1,0
2026-01-16 14:55:00,1,1,0
2026-01-16 14:59:00,1,1,0
2026-01-11 08:40:00,2,2,0
2026-01-13 08:01:00,2,2,0
2026-01-11 17:13:00,1,1,0
2026-01-15 09:19:00,2,2,0
2026-01-15 09:15:00,1,1,0
2026-01-15 09:11:00,2,2,0
2026-01-13 18:23:00,1,1,0
2026-01-13 18:27:00,2,2,0
2026-01-10 11:53:00,2,2,0
2026-01-12 11:14:00,1,1,0
2026-01-10 20:26:00,1,1,0
2026-01-13 09:54:00,2,2,0
2026-01-15 19:37:00,2,2,0
2026-01-14 12:24:00,1,1,0
2026-01-14 12:28:00,2,2,0
2026-01-14 12:20:00,2,2,0
2026-01-14 16:56:00,2,2,0
2026-01-11 07:27:00,2,2,0
2026-01-11 07:23:00,1,1,0
2026-01-15 10:53:00,1,1,0
2026-01-10 10:32:00,1,1,0
2026-01-10 10:36:00,1,1,0
2026-01-13 17:06:00,1,1,0
2026-01-14 11:07:00,2,2,0
2026-01-16 06:23:00,1,1,0
2026-01-14 15:31:00,1,1,0
2026-01-14 15:35:00,2,2,0
2026-01-16 19:20:00,1,1,0
2026-01-11 19:07:00,1,1,0
2026-01-10 13:47:00,1,1,0
2026-01-14 08:20:00,1,1,0
2026-01-16 09:34:00,1,1,0
2026-01-16 09:38:00,1,1,0
2026-01-16 18:03:00,1,1,0
2026-01-14 18:42:00,1,1,0
2026-01-14 18:46:00,1,1,0
2026-01-13 11:33:00,1,1,0
2026-01-11 20:45:00,1,1,0
2026-01-11 09:17:00,1,1,0
2026-01-15 21:12:00,1,1,0
2026-01-15 12:43:00,1,1,0
2026-01-15 12:47:00,2,2,0
2026-01-15 21:16:00,3,3,0
2026-01-13 21:51:00,1,1,0
2026-01-13 21:59:00,4,4,0
2026-01-13 21:55:00,1,1,0
2026-01-14 07:03:00,4,4,0
2026-01-10 16:54:00,2,2,0
2026-01-12 16:15:00,1,1,0
2026-01-12 07:46:00,1,1,0
2026-01-12 16:11:00,1,1,0
2026-01-10 16:58:00,1,1,0
2026-01-12 16:19:00,1,1,0
2026-01-14 17:25:00,1,1,0
2026-01-14 17:29:00,2,2,0
2026-01-13 10:12:00,1,1,0
2026-01-11 10:55:00,1,1,0
2026-01-13 10:16:00,2,2,0
2026-01-13 14:40:00,1,1,0
2026-01-15 15:54:00,2,2,0
2026-01-15 15:50:00,2,2,0
2026-01-15 15:58:00,1,1,0
2026-01-12 09:00:00,1,1,0
2026-01-15 10:09:00,2,2,0
2026-01-13 13:23:00,2,2,0
2026-01-15 14:37:00,4,4,0
2026-01-15 14:33:00,2,2,0
2026-01-13 17:51:00,1,1,0
2026-01-10 08:26:00,1,1,0
2026-01-10 08:22:00,1,1,0
2026-01-12 18:09:00,1,1,0
2026-01-16 21:35:00,1,1,0
2026-01-11 21:18:00,1,1,0
2026-01-13 12:02:00,2,2,0
2026-01-11 06:51:00,1,1,0
2026-01-15 07:26:00,1,1,0
2026-01-15 07:22:00,2,2,0
2026-01-13 16:30:00,1,1,0
2026-01-10 07:09:00,1,1,0
2026-01-13 16:38:00,1,1,0
2026-01-10 07:05:00,1,1,0
2026-01-14 10:31:00,1,1,0
2026-01-14 10:39:00,2,2,0
2026-01-16 11:49:00,1,1,0
2026-01-16 20:18:00,1,1,0
2026-01-16 11:45:00,1,1,0
2026-01-14 20:57:00,1,1,0
2026-01-11 14:07:00,1,1,0
2026-01-15 06:05:00,2,2,0
2026-01-13 15:17:00,1,1,0
2026-01-13 06:48:00,3,3,0
2026-01-15 19:02:00,1,1,0
2026-01-13 19:45:00,3,3,0
2026-01-13 19:49:00,5,5,0
2026-01-16 13:03:00,1,1,0
2026-01-14 13:42:00,2,2,0
2026-01-14 13:46:00,2,2,0
2026-01-16 14:56:00,1,1,0
2026-01-13 08:06:00,1,1,0
2026-01-11 17:14:00,2,2,0
2026-01-11 08:45:00,1,1,0
2026-01-11 17:18:00,1,1,0
2026-01-13 08:02:00,1,1,0
2026-01-15 09:16:00,1,1,0
2026-01-15 09:12:00,4,4,0
2026-01-12 11:11:00,1,1,0
2026-01-10 20:23:00,1,1,0
2026-01-13 09:59:00,1,1,0
2026-01-10 11:54:00,1,1,0
2026-01-13 18:24:00,2,2,0
2026-01-14 12:21:00,1,1,0
2026-01-14 12:29:00,4,4,0
2026-01-14 12:25:00,3,3,0
2026-01-16 16:10:00,1,1,0
2026-01-16 07:45:00,1,1,0
2026-01-14 16:57:00,1,1,0
2026-01-14 16:53:00,2,2,0
2026-01-15 10:58:00,1,1,0
2026-01-15 10:54:00,2,2,0
2026-01-15 10:50:00,1,1,0
2026-01-10 10:37:00,1,1,0
2026-01-14 11:08:00,3,3,0
2026-01-12 14:22:00,1,1,0
2026-01-14 15:36:00,2,2,0
2026-01-11 19:04:00,1,1,0
2026-01-13 12:51:00,1,1,0
2026-01-10 13:48:00,1,1,0
2026-01-10 07:50:00,2,2,0
2026-01-14 08:21:00,3,3,0
2026-01-14 14:19:00,2,2,0
2026-01-14 08:25:00,5,5,0
2026-01-11 10:20:00,1,1,0
2026-01-16 09:35:00,1,1,0
2026-01-16 18:04:00,1,1,0
2026-01-16 09:39:00,1,1,0
2026-01-14 18:47:00,1,1,0
2026-01-14 18:43:00,2,2,0
2026-01-11 20:46:00,1,1,0
2026-01-13 20:03:00,6,6,0
2026-01-15 12:44:00,2,2,0
2026-01-15 12:48:00,3,3,0
2026-01-10 15:06:00,2,2,0
2026-01-14 07:08:00,1,1,0
2026-01-14 07:04:00,1,1,0
2026-01-12 16:16:00,1,1,0
2026-01-12 16:12:00,2,2,0
2026-01-10 16:59:00,1,1,0
2026-01-13 10:17:00,4,4,0
2026-01-15 11:27:00,1,1,0
2026-01-13 14:45:00,3,3,0
2026-01-13 14:41:00,1,1,0
2026-01-15 15:59:00,1,1,0
2026-01-15 15:51:00,1,1,0
2026-01-12 09:01:00,1,1,0
2026-01-12 19:27:00,1,1,0
2026-01-11 12:10:00,2,2,0
2026-01-13 13:24:00,3,3,0
2026-01-15 14:38:00,1,1,0
2026-01-15 08:44:00,2,2,0
2026-01-10 08:27:00,1,1,0
2026-01-13 17:56:00,1,1,0
2026-01-10 08:23:00,1,1,0
2026-01-13 17:52:00,2,2,0
2026-01-14 11:57:00,1,1,0
2026-01-14 11:53:00,3,3,0
2026-01-12 18:06:00,1,1,0
2026-01-13 12:07:00,2,2,0
2026-01-11 06:56:00,1,1,0
2026-01-11 21:19:00,1,1,0
2026-01-11 15:21:00,1,1,0
2026-01-15 07:23:00,2,2,0
2026-01-13 16:31:00,1,1,0
2026-01-13 16:35:00,2,2,0
2026-01-13 16:39:00,2,2,0
2026-01-15 17:49:00,3,3,0
2026-01-14 10:36:00,1,1,0
2026-01-14 10:32:00,2,2,0
2026-01-12 13:50:00,1,1,0
2026-01-11 14:04:00,1,1,0
2026-01-11 14:00:00,1,1,0
2026-01-15 06:06:00,1,1,0
2026-01-13 06:49:00,2,2,0
2026-01-13 09:24:00,1,1,0
2026-01-13 15:18:00,4,4,0
2026-01-15 19:07:00,1,1,0
2026-01-13 19:42:00,4,4,0
2026-01-10 21:45:00,2,2,0
2026-01-16 13:00:00,1,1,0
2026-01-14 13:47:00,1,1,0
2026-01-14 13:43:00,1,1,0
2026-01-13 08:07:00,2,2,0
2026-01-10 10:02:00,1,1,0
2026-01-11 17:11:00,1,1,0
2026-01-11 17:19:00,1,1,0
2026-01-15 09:13:00,1,1,0
2026-01-15 09:17:00,2,2,0
2026-01-13 18:29:00,3,3,0
2026-01-10 20:24:00,2,2,0
2026-01-10 11:55:00,1,1,0
2026-01-14 12:26:00,1,1,0
2026-01-12 15:44:00,1,1,0
2026-01-16 16:15:00,1,1,0
2026-01-14 16:58:00,1,1,0
2026-01-14 16:50:00,1,1,0
2026-01-14 16:54:00,1,1,0
2026-01-11 07:29:00,1,1,0
2026-01-15 10:51:00,1,1,0
2026-01-15 10:59:00,2,2,0
2026-01-15 10:55:00,2,2,0
2026-01-10 13:13:00,1,1,0
2026-01-12 14:23:00,1,1,0
2026-01-16 06:29:00,1,1,0
2026-01-16 06:25:00,1,1,0
2026-01-14 09:43:00,1,1,0
2026-01-14 15:37:00,1,1,0
2026-01-16 19:22:00,1,1,0
2026-01-13 12:52:00,2,2,0
2026-01-13 21:21:00,2,2,0
2026-01-10 07:55:00,1,1,0
2026-01-10 16:24:00,2,2,0
2026-01-14 08:26:00,1,1,0
2026-01-16 09:36:00,1,1,0
2026-01-16 18:01:00,1,1,0
2026-01-16 18:05:00,1,1,0
2026-01-13 11:35:00,3,3,0
2026-01-11 20:47:00,1,1,0
2026-01-11 20:43:00,1,1,0
2026-01-13 20:04:00,1,1,0
2026-01-15 12:49:00,2,2,0
2026-01-15 06:51:00,2,2,0
2026-01-15 21:18:00,2,2,0
2026-01-14 07:01:00,1,1,0
2026-01-14 07:09:00,2,2,0
2026-01-16 08:19:00,1,1,0
2026-01-13 10:18:00,1,1,0
2026-01-11 13:32:00,2,2,0
2026-01-13 10:14:00,1,1,0
2026-01-15 14:03:00,2,2,0
2026-01-13 14:46:00,3,3,0
2026-01-15 15:56:00,3,3,0
2026-01-10 18:10:00,1,1,0
2026-01-10 09:41:00,1,1,0
2026-01-14 21:40:00,2,2,0
2026-01-11 12:15:00,2,2,0
2026-01-13 13:25:00,1,1,0
2026-01-11 16:43:00,1,1,0
2026-01-15 08:45:00,2,2,0
2026-01-15 17:10:00,3,3,0
2026-01-15 08:49:00,4,4,0
2026-01-15 17:14:00,1,1,0
2026-01-13 17:57:00,2,2,0
2026-01-10 08:28:00,2,2,0
2026-01-13 17:53:00,1,1,0
2026-01-16 11:11:00,1,1,0
2026-01-14 11:54:00,2,2,0
2026-01-14 11:50:00,1,1,0
2026-01-14 20:27:00,2,2,0
2026-01-16 21:37:00,1,1,0
2026-01-13 06:10:00,1,1,0
2026-01-11 06:57:00,1,1,0
2026-01-11 15:22:00,1,1,0
2026-01-15 07:28:00,2,2,0
2026-01-14 10:33:00,1,1,0
2026-01-12 13:51:00,2,2,0
2026-01-16 20:16:00,1,1,0
2026-01-11 14:09:00,1,1,0
2026-01-15 06:07:00,1,1,0
2026-01-13 09:25:00,1,1,0
2026-01-10 11:20:00,1,1,0
2026-01-13 09:21:00,3,3,0
2026-01-15 19:04:00,5,5,0
2026-01-15 19:08:00,2,2,0
2026-01-15 19:00:00,3,3,0
2026-01-13 19:47:00,1,1,0
2026-01-12 21:03:00,1,1,0
2026-01-12 12:34:00,2,2,0
2026-01-14 07:50:00,2,2,0
2026-01-14 13:48:00,2,2,0
2026-01-16 17:33:00,2,2,0
2026-01-13 08:08:00,1,1,0
2026-01-11 17:16:00,1,1,0
2026-01-11 08:47:00,1,1,0
2026-01-15 09:18:00,2,2,0
2026-01-15 20:46:00,3,3,0
2026-01-10 20:29:00,2,2,0
2026-01-12 11:13:00,1,1,0
2026-01-12 11:17:00,1,1,0
2026-01-14 06:37:00,2,2,0
2026-01-14 16:59:00,1,1,0
2026-01-15 10:52:00,2,2,0
2026-01-12 08:30:00,2,2,0
2026-01-10 17:42:00,1,1,0
2026-01-16 09:01:00,1,1,0
2026-01-14 09:40:00,2,2,0
2026-01-14 09:44:00,1,1,0
2026-01-12 18:52:00,1,1,0
2026-01-16 19:27:00,1,1,0
2026-01-16 19:23:00,1,1,0
2026-01-15 12:10:00,1,1,0
2026-01-13 21:22:00,1,1,0
2026-01-13 12:53:00,1,1,0
2026-01-13 12:57:00,1,1,0
2026-01-10 16:21:00,2,2,0
2026-01-10 07:52:00,1,1,0
2026-01-12 07:13:00,1,1,0
2026-01-10 16:25:00,1,1,0
2026-01-12 13:07:00,1,1,0
2026-01-14 08:23:00,1,1,0
2026-01-14 08:27:00,2,2,0
2026-01-11 10:26:00,1,1,0
2026-01-11 10:22:00,1,1,0
2026-01-13 20:05:00,2,2,0
2026-01-13 20:09:00,2,2,0
2026-01-13 11:36:00,1,1,0
2026-01-13 20:01:00,1,1,0
2026-01-13 11:32:00,1,1,0
2026-01-15 06:56:00,1,1,0
2026-01-15 06:52:00,2,2,0
2026-01-15 21:19:00,1,1,0
2026-01-15 15:21:00,2,2,0
2026-01-15 21:15:00,3,3,0
2026-01-14 07:06:00,1,1,0
2026-01-12 16:18:00,1,1,0
2026-01-13 10:19:00,1,1,0
2026-01-11 13:33:00,1,1,0
2026-01-15 14:04:00,1,1,0
2026-01-13 14:43:00,2,2,0
2026-01-13 14:47:00,3,3,0
2026-01-10 09:46:00,3,3,0
2026-01-10 18:11:00,1,1,0
2026-01-12 09:03:00,1,1,0
2026-01-14 21:45:00,1,1,0
2026-01-11 12:12:00,1,1,0
2026-01-12 19:29:00,1,1,0
2026-01-13 07:32:00,1,1,0
2026-01-11 16:40:00,1,1,0
2026-01-13 16:01:00,2,2,0
2026-01-11 16:48:00,1,1,0
2026-01-15 17:19:00,1,1,0
2026-01-15 08:42:00,2,2,0
2026-01-15 17:11:00,2,2,0
2026-01-15 17:15:00,3,3,0
2026-01-12 10:41:00,1,1,0
2026-01-13 17:54:00,2,2,0
2026-01-14 20:24:00,2,2,0
2026-01-14 20:28:00,2,2,0
2026-01-14 11:59:00,2,2,0
2026-01-14 11:55:00,2,2,0
2026-01-14 20:20:00,2,2,0
2026-01-16 21:34:00,2,2,0
2026-01-16 15:40:00,1,1,0
2026-01-13 06:11:00,1,1,0
2026-01-11 15:27:00,1,1,0
2026-01-11 06:58:00,1,1,0
2026-01-13 06:19:00,1,1,0
2026-01-11 06:54:00,1,1,0
2026-01-13 06:15:00,3,3,0
2026-01-15 07:29:00,2,2,0
2026-01-15 07:25:00,2,2,0
2026-01-13 19:12:00,1,1,0
2026-01-13 16:37:00,1,1,0
2026-01-11 19:55:00,1,1,0
2026-01-14 10:38:00,2,2,0
2026-01-16 14:27:00,1,1,0
2026-01-16 14:23:00,2,2,0
2026-01-13 09:26:00,1,1,0
2026-01-10 11:25:00,1,1,0
2026-01-11 18:34:00,2,2,0
2026-01-11 18:30:00,1,1,0
2026-01-15 19:01:00,2,2,0
2026-01-15 19:09:00,3,3,0
2026-01-15 19:05:00,1,1,0
2026-01-13 19:48:00,3,3,0
2026-01-10 21:47:00,1,1,0
2026-01-16 13:06:00,1,1,0
2026-01-14 07:55:00,1,1,0
2026-01-14 16:20:00,1,1,0
2026-01-16 17:34:00,1,1,0
2026-01-16 17:38:00,1,1,0
2026-01-13 08:05:00,2,2,0
2026-01-10 10:00:00,2,2,0
2026-01-10 10:08:00,1,1,0
2026-01-13 08:09:00,1,1,0
2026-01-10 10:04:00,1,1,0
2026-01-14 06:38:00,1,1,0
2026-01-14 15:03:00,1,1,0
2026-01-14 06:30:00,3,3,0
2026-01-12 15:46:00,3,3,0
2026-01-12 15:42:00,1,1,0
2026-01-16 16:13:00,1,1,0
2026-01-16 16:17:00,1,1,0
2026-01-15 10:57:00,1,1,0
2026-01-10 13:15:00,1,1,0
2026-01-10 13:11:00,1,1,0
2026-01-14 18:10:00,2,2,0
2026-01-14 09:49:00,2,2,0
2026-01-14 09:41:00,1,1,0
2026-01-14 18:14:00,2,2,0
2026-01-12 18:57:00,1,1,0
2026-01-11 11:40:00,2,2,0
2026-01-16 19:28:00,1,1,0
2026-01-16 19:24:00,1,1,0
2026-01-15 12:11:00,1,1,0
2026-01-13 12:54:00,3,3,0
2026-01-13 21:27:00,2,2,0
2026-01-13 12:50:00,1,1,0
2026-01-13 21:23:00,1,1,0
2026-01-10 07:57:00,1,1,0
2026-01-12 07:18:00,1,1,0
2026-01-10 16:22:00,1,1,0
2026-01-10 07:53:00,2,2,0
2026-01-12 07:14:00,1,1,0
2026-01-16 10:40:00,1,1,0
2026-01-14 08:24:00,1,1,0
2026-01-14 08:28:00,2,2,0
2026-01-12 17:36:00,2,2,0
2026-01-16 18:07:00,1,1,0
2026-01-13 20:02:00,3,3,0
2026-01-13 20:06:00,1,1,0
2026-01-15 06:57:00,4,4,0
2026-01-15 15:22:00,2,2,0
2026-01-10 09:11:00,1,1,0
2026-01-10 15:05:00,1,1,0
2026-01-15 19:50:00,1,1,0
2026-01-11 13:30:00,1,1,0
2026-01-15 14:05:00,1,1,0
2026-01-15 14:09:00,1,1,0
2026-01-15 14:01:00,1,1,0
2026-01-13 14:48:00,3,3,0
2026-01-12 09:08:00,1,1,0
2026-01-12 09:04:00,3,3,0
2026-01-16 12:30:00,1,1,0
2026-01-14 21:42:00,1,1,0
2026-01-14 21:46:00,3,3,0
2026-01-13 16:02:00,3,3,0
2026-01-11 16:45:00,1,1,0
2026-01-15 17:12:00,1,1,0
2026-01-15 08:47:00,1,1,0
2026-01-15 08:43:00,1,1,0
2026-01-15 17:16:00,2,2,0
2026-01-13 17:59:00,1,1,0
2026-01-14 11:56:00,1,1,0
2026-01-14 20:21:00,1,1,0
2026-01-14 20:25:00,4,4,0
2026-01-14 20:29:00,3,3,0
2026-01-13 06:12:00,4,4,0
2026-01-13 06:16:00,3,3,0
2026-01-11 15:28:00,2,2,0
2026-01-10 12:43:00,1,1,0
2026-01-13 19:13:00,4,4,0
2026-01-14 13:14:00,2,2,0
2026-01-14 13:10:00,1,1,0
2026-01-12 13:53:00,2,2,0
2026-01-16 14:24:00,1,1,0
2026-01-16 14:28:00,1,1,0
2026-01-16 14:20:00,2,2,0
2026-01-16 18:52:00,1,1,0
2026-01-13 09:27:00,1,1,0
2026-01-13 09:23:00,2,2,0
2026-01-11 18:35:00,2,2,0
2026-01-13 20:51:00,1,1,0
2026-01-11 18:39:00,1,1,0
2026-01-10 21:48:00,1,1,0
2026-01-10 15:50:00,1,1,0
2026-01-12 06:42:00,2,2,0
2026-01-14 07:52:00,1,1,0
2026-01-14 07:56:00,2,2,0
2026-01-14 16:21:00,3,3,0
2026-01-10 10:09:00,1,1,0
2026-01-10 10:05:00,1,1,0
2026-01-15 20:48:00,1,1,0
2026-01-15 20:44:00,1,1,0
2026-01-15 20:40:00,3,3,0
2026-01-14 15:08:00,1,1,0
2026-01-14 15:00:00,1,1,0
2026-01-14 15:04:00,2,2,0
2026-01-14 06:35:00,1,1,0
2026-01-14 06:39:00,3,3,0
2026-01-14 19:32:00,1,1,0
2026-01-15 13:33:00,1,1,0
2026-01-12 08:36:00,1,1,0
2026-01-10 17:40:00,3,3,0
2026-01-14 09:42:00,1,1,0
2026-01-14 18:11:00,2,2,0
2026-01-14 09:46:00,1,1,0
2026-01-14 18:19:00,3,3,0
2026-01-13 11:02:00,1,1,0
2026-01-11 11:49:00,1,1,0
2026-01-12 18:58:00,1,1,0
2026-01-12 18:54:00,2,2,0
2026-01-16 19:29:00,1,1,0
2026-01-15 12:16:00,1,1,0
2026-01-15 12:12:00,1,1,0
2026-01-13 21:24:00,1,1,0
2026-01-13 21:20:00,2,2,0
2026-01-10 06:01:00,1,1,0
2026-01-13 12:59:00,1,1,0
2026-01-15 16:44:00,1,1,0
2026-01-15 16:40:00,1,1,0
2026-01-14 08:29:00,2,2,0
2026-01-11 10:24:00,1,1,0
2026-01-13 14:13:00,1,1,0
2026-01-13 20:07:00,2,2,0
2026-01-13 11:38:00,2,2,0
2026-01-15 06:50:00,4,4,0
2026-01-15 06:54:00,1,1,0
2026-01-15 15:27:00,2,2,0
2026-01-15 06:58:00,3,3,0
2026-01-10 09:12:00,2,2,0
2026-01-10 09:16:00,1,1,0
2026-01-15 19:51:00,1,1,0
2026-01-15 19:55:00,1,1,0
2026-01-15 14:02:00,3,3,0
2026-01-15 14:06:00,2,2,0
2026-01-13 14:49:00,1,1,0
2026-01-13 17:24:00,2,2,0
2026-01-13 08:55:00,3,3,0
2026-01-10 10:50:00,3,3,0
2026-01-15 18:38:00,4,4,0
2026-01-15 18:30:00,2,2,0
2026-01-16 12:39:00,1,1,0
2026-01-14 21:47:00,2,2,0
2026-01-14 21:43:00,3,3,0
2026-01-11 06:24:00,1,1,0
2026-01-11 06:20:00,1,1,0
2026-01-13 07:30:00,1,1,0
2026-01-13 16:07:00,1,1,0
2026-01-13 07:34:00,5,5,0
2026-01-11 16:46:00,1,1,0
2026-01-13 07:38:00,2,2,0
2026-01-15 08:48:00,1,1,0
2026-01-15 17:13:00,2,2,0
2026-01-15 17:17:00,5,5,0
2026-01-14 10:08:00,4,4,0
2026-01-14 10:00:00,1,1,0
2026-01-14 10:04:00,2,2,0
2026-01-14 20:26:00,2,2,0
2026-01-14 14:32:00,2,2,0
2026-01-13 06:17:00,1,1,0
2026-01-13 19:18:00,1,1,0
2026-01-10 12:44:00,1,1,0
2026-01-11 19:53:00,1,1,0
2026-01-13 19:14:00,2,2,0
2026-01-10 12:40:00,1,1,0
2026-01-12 12:01:00,1,1,0
2026-01-14 13:15:00,2,2,0
2026-01-12 13:58:00,1,1,0
2026-01-14 17:43:00,2,2,0
2026-01-11 08:10:00,2,2,0
2026-01-16 18:57:00,1,1,0
2026-01-15 11:40:00,1,1,0
2026-01-13 20:52:00,1,1,0
2026-01-10 21:49:00,1,1,0
2026-01-12 15:12:00,1,1,0
2026-01-12 21:06:00,3,3,0
2026-01-16 13:08:00,1,1,0
2026-01-16 07:10:00,2,2,0
2026-01-14 07:57:00,2,2,0
2026-01-14 16:22:00,1,1,0
2026-01-14 16:26:00,4,4,0
2026-01-14 07:53:00,4,4,0
2026-01-15 10:27:00,2,2,0
2026-01-15 10:23:00,2,2,0
2026-01-15 20:45:00,1,1,0
2026-01-10 14:38:00,1,1,0
2026-01-14 15:09:00,2,2,0
2026-01-14 15:01:00,3,3,0
2026-01-14 06:36:00,3,3,0
2026-01-12 09:54:00,1,1,0
2026-01-12 15:48:00,1,1,0
2026-01-16 16:19:00,1,1,0
2026-01-14 19:33:00,2,2,0
2026-01-14 19:37:00,2,2,0
2026-01-13 12:20:00,2,2,0
2026-01-11 21:32:00,2,2,0
2026-01-15 13:38:00,1,1,0
2026-01-15 13:34:00,1,1,0
2026-01-10 07:23:00,1,1,0
2026-01-10 13:17:00,2,2,0
2026-01-10 17:45:00,2,2,0
2026-01-10 17:41:00,1,1,0
2026-01-16 09:00:00,1,1,0
2026-01-16 09:08:00,1,1,0
2026-01-14 18:16:00,1,1,0
2026-01-14 18:12:00,2,2,0
2026-01-14 09:47:00,1,1,0
2026-01-13 11:03:00,2,2,0
2026-01-11 20:15:00,1,1,0
2026-01-11 20:11:00,1,1,0
2026-01-15 12:17:00,3,3,0
2026-01-13 21:29:00,1,1,0
2026-01-13 21:25:00,4,4,0
2026-01-13 15:31:00,1,1,0
2026-01-15 16:41:00,2,2,0
2026-01-10 07:59:00,1,1,0
2026-01-12 07:16:00,1,1,0
2026-01-16 10:42:00,3,3,0
2026-01-13 14:14:00,2,2,0
2026-01-11 14:53:00,1,1,0
2026-01-15 15:20:00,6,6,0
2026-01-15 15:24:00,2,2,0
2026-01-15 06:59:00,2,2,0
2026-01-15 06:55:00,1,1,0
2026-01-15 19:56:00,3,3,0
2026-01-15 19:52:00,2,2,0
2026-01-16 13:53:00,1,1,0
2026-01-11 07:42:00,1,1,0
2026-01-11 13:36:00,1,1,0
2026-01-15 14:07:00,2,2,0
2026-01-13 17:21:00,1,1,0
2026-01-13 08:56:00,2,2,0
2026-01-10 10:51:00,2,2,0
2026-01-15 18:35:00,1,1,0
2026-01-15 18:39:00,4,4,0
2026-01-14 11:22:00,1,1,0
2026-01-14 11:26:00,2,2,0
2026-01-12 20:38:00,1,1,0
2026-01-16 21:09:00,1,1,0
2026-01-16 21:05:00,2,2,0
2026-01-14 21:44:00,1,1,0
2026-01-11 06:29:00,1,1,0
2026-01-13 07:35:00,1,1,0
2026-01-13 16:08:00,1,1,0
2026-01-13 07:39:00,1,1,0
2026-01-13 16:04:00,1,1,0
2026-01-14 10:05:00,2,2,0
2026-01-14 10:01:00,1,1,0
2026-01-14 10:09:00,4,4,0
2026-01-16 11:19:00,1,1,0
2026-01-16 11:15:00,1,1,0
2026-01-14 14:33:00,2,2,0
2026-01-16 15:47:00,1,1,0
2026-01-16 15:43:00,1,1,0
2026-01-13 06:18:00,1,1,0
2026-01-11 18:05:00,1,1,0
2026-01-13 19:15:00,1,1,0
2026-01-13 19:11:00,1,1,0
2026-01-13 19:19:00,2,2,0
2026-01-10 12:45:00,1,1,0
2026-01-10 21:10:00,1,1,0
2026-01-10 21:18:00,1,1,0
2026-01-14 13:16:00,1,1,0
2026-01-16 08:32:00,2,2,0
2026-01-14 17:44:00,1,1,0
2026-01-11 08:15:00,1,1,0
2026-01-16 18:54:00,1,1,0
2026-01-15 20:10:00,1,1,0
2026-01-15 11:45:00,1,1,0
2026-01-10 11:28:00,1,1,0
2026-01-13 20:53:00,2,2,0
2026-01-14 06:01:00,2,2,0
2026-01-12 06:48:00,3,3,0
2026-01-12 06:44:00,1,1,0
2026-01-16 07:15:00,1,1,0
2026-01-14 07:58:00,2,2,0
2026-01-14 16:27:00,3,3,0
2026-01-14 16:23:00,3,3,0
2026-01-15 10:28:00,1,1,0
2026-01-15 10:20:00,2,2,0
2026-01-15 14:56:00,2,2,0
2026-01-10 08:41:00,2,2,0
2026-01-14 15:06:00,3,3,0
2026-01-12 18:20:00,1,1,0
2026-01-14 19:30:00,1,1,0
2026-01-13 12:25:00,3,3,0
2026-01-11 21:33:00,1,1,0
2026-01-15 13:31:00,2,2,0
2026-01-15 13:39:00,2,2,0
2026-01-10 07:24:00,1,1,0
2026-01-10 07:28:00,2,2,0
2026-01-12 17:07:00,1,1,0
2026-01-12 08:34:00,1,1,0
2026-01-13 11:04:00,1,1,0
2026-01-13 11:00:00,2,2,0
2026-01-11 11:47:00,1,1,0
2026-01-13 11:08:00,1,1,0
2026-01-15 12:14:00,1,1,0
2026-01-13 21:26:00,2,2,0
2026-01-10 06:03:00,1,1,0
2026-01-13 15:32:00,2,2,0
2026-01-15 16:46:00,1,1,0
2026-01-16 10:47:00,1,1,0
2026-01-13 14:19:00,2,2,0
2026-01-13 14:11:00,1,1,0
2026-01-15 15:29:00,2,2,0
2026-01-15 09:31:00,1,1,0
2026-01-13 18:43:00,1,1,0
2026-01-15 19:57:00,2,2,0
2026-01-15 19:53:00,1,1,0
2026-01-14 12:44:00,2,2,0
2026-01-12 21:56:00,2,2,0
2026-01-16 13:50:00,1,1,0
2026-01-13 07:00:00,1,1,0
2026-01-11 07:43:00,1,1,0
2026-01-13 08:53:00,1,1,0
2026-01-13 17:22:00,3,3,0
2026-01-13 17:26:00,2,2,0
2026-01-13 08:57:00,1,1,0
2026-01-14 11:27:00,2,2,0
2026-01-12 20:31:00,1,1,0
2026-01-16 12:37:00,1,1,0
2026-01-14 21:49:00,1,1,0
2026-01-14 15:55:00,1,1,0
2026-01-11 06:22:00,1,1,0
2026-01-11 06:26:00,2,2,0
2026-01-13 16:09:00,1,1,0
2026-01-13 16:05:00,4,4,0
2026-01-13 07:36:00,2,2,0
2026-01-11 19:23:00,3,3,0
2026-01-14 10:02:00,1,1,0
2026-01-14 10:06:00,4,4,0
2026-01-14 14:34:00,2,2,0
2026-01-16 09:50:00,1,1,0
2026-01-16 15:44:00,1,1,0
2026-01-11 09:33:00,1,1,0
2026-01-11 18:06:00,1,1,0
2026-01-13 19:16:00,1,1,0
2026-01-10 21:19:00,1,1,0
2026-01-14 13:13:00,1,1,0
2026-01-14 13:17:00,3,3,0
2026-01-14 17:49:00,2,2,0
2026-01-14 17:41:00,4,4,0
2026-01-14 17:45:00,2,2,0
2026-01-13 10:32:00,1,1,0
2026-01-11 08:16:00,2,2,0
2026-01-15 20:15:00,2,2,0
2026-01-15 11:42:00,1,1,0
2026-01-15 11:46:00,1,1,0
2026-01-15 20:11:00,4,4,0
2026-01-13 20:54:00,1,1,0
2026-01-10 14:00:00,1,1,0
2026-01-13 20:50:00,2,2,0
2026-01-10 11:29:00,1,1,0
2026-01-13 20:58:00,3,3,0
2026-01-14 06:02:00,2,2,0
2026-01-14 06:06:00,4,4,0
2026-01-12 15:10:00,2,2,0
2026-01-12 06:41:00,2,2,0
2026-01-12 06:49:00,1,1,0
2026-01-10 15:53:00,1,1,0
2026-01-12 15:14:00,1,1,0
2026-01-12 06:45:00,1,1,0
2026-01-16 07:12:00,2,2,0
2026-01-14 16:28:00,1,1,0
2026-01-14 07:59:00,2,2,0
2026-01-14 16:24:00,2,2,0
2026-01-12 19:42:00,1,1,0
2026-01-15 10:29:00,2,2,0
2026-01-15 10:25:00,2,2,0
2026-01-15 10:21:00,2,2,0
2026-01-15 14:57:00,4,4,0
2026-01-10 17:11:00,1,1,0
2026-01-14 09:13:00,1,1,0
2026-01-14 19:35:00,4,4,0
2026-01-11 21:38:00,1,1,0
2026-01-13 12:22:00,1,1,0
2026-01-13 12:26:00,2,2,0
2026-01-15 13:36:00,1,1,0
2026-01-10 07:21:00,1,1,0
2026-01-12 17:04:00,2,2,0
2026-01-14 18:18:00,1,1,0
2026-01-13 11:05:00,1,1,0
2026-01-15 12:19:00,2,2,0
2026-01-15 06:25:00,3,3,0
2026-01-13 15:37:00,2,2,0
2026-01-13 15:33:00,2,2,0
2026-01-15 16:47:00,2,2,0
2026-01-15 16:43:00,3,3,0
2026-01-10 19:01:00,2,2,0
2026-01-11 13:06:00,1,1,0
2026-01-13 14:16:00,2,2,0
2026-01-13 14:12:00,3,3,0
2026-01-15 18:01:00,1,1,0
2026-01-15 09:36:00,2,2,0
2026-01-15 09:32:00,3,3,0
2026-01-13 18:40:00,1,1,0
2026-01-13 18:48:00,3,3,0
2026-01-13 18:44:00,4,4,0
2026-01-16 12:02:00,1,1,0
2026-01-15 19:54:00,1,1,0
2026-01-14 12:45:00,1,1,0
2026-01-14 12:41:00,3,3,0
2026-01-14 21:14:00,2,2,0
2026-01-14 21:10:00,3,3,0
2026-01-12 21:53:00,4,4,0
2026-01-16 13:51:00,1,1,0
2026-01-13 07:05:00,2,2,0
2026-01-11 07:48:00,1,1,0
2026-01-11 16:17:00,1,1,0
2026-01-15 08:11:00,1,1,0
2026-01-15 08:15:00,2,2,0
2026-01-13 08:58:00,2,2,0
2026-01-13 17:27:00,2,2,0
2026-01-13 17:23:00,2,2,0
2026-01-13 08:54:00,2,2,0
2026-01-10 10:53:00,1,1,0
2026-01-14 11:20:00,2,2,0
2026-01-14 11:24:00,3,3,0
2026-01-14 11:28:00,2,2,0
2026-01-16 12:38:00,1,1,0
2026-01-16 21:03:00,1,1,0
2026-01-11 06:23:00,1,1,0
2026-01-11 19:24:00,1,1,0
2026-01-13 16:06:00,2,2,0
2026-01-14 10:07:00,1,1,0
2026-01-14 14:35:00,1,1,0
2026-01-14 14:39:00,2,2,0
2026-01-14 14:31:00,1,1,0
2026-01-13 11:50:00,1,1,0
2026-01-11 18:07:00,2,2,0
2026-01-11 18:03:00,1,1,0
2026-01-10 06:53:00,1,1,0
2026-01-13 19:17:00,3,3,0
2026-01-14 13:18:00,2,2,0
2026-01-14 07:24:00,3,3,0
2026-01-14 07:20:00,3,3,0
2026-01-12 16:32:00,1,1,0
2026-01-16 17:03:00,1,1,0
2026-01-16 08:34:00,1,1,0
2026-01-14 17:42:00,1,1,0
2026-01-14 17:46:00,1,1,0
2026-01-13 10:33:00,1,1,0
2026-01-15 11:43:00,2,2,0
2026-01-15 20:12:00,2,2,0
2026-01-15 11:47:00,1,1,0
2026-01-10 14:01:00,1,1,0
2026-01-13 20:59:00,2,2,0
2026-01-14 06:03:00,2,2,0
2026-01-12 15:19:00,1,1,0
2026-01-12 15:15:00,1,1,0
2026-01-16 07:17:00,1,1,0
2026-01-16 07:13:00,1,1,0
2026-01-14 19:00:00,2,2,0
2026-01-14 16:29:00,1,1,0
2026-01-12 19:43:00,1,1,0
2026-01-15 10:26:00,1,1,0
2026-01-13 13:40:00,1,1,0
2026-01-13 13:44:00,3,3,0
2026-01-15 14:50:00,1,1,0
2026-01-10 08:43:00,1,1,0
2026-01-10 17:16:00,1,1,0
2026-01-14 09:10:00,1,1,0
2026-01-14 09:14:00,2,2,0
2026-01-14 19:36:00,1,1,0
2026-01-13 12:27:00,1,1,0
2026-01-11 21:31:00,1,1,0
2026-01-13 12:23:00,1,1,0
2026-01-15 13:37:00,1,1,0
2026-01-15 07:43:00,1,1,0
2026-01-13 16:55:00,1,1,0
2026-01-13 16:51:00,1,1,0
2026-01-12 17:09:00,1,1,0
2026-01-16 20:31:00,1,1,0
2026-01-16 20:39:00,1,1,0
2026-01-16 20:35:00,1,1,0
2026-01-13 11:06:00,1,1,0
2026-01-11 20:18:00,1,1,0
2026-01-15 06:26:00,2,2,0
2026-01-13 15:34:00,2,2,0
2026-01-13 15:30:00,1,1,0
2026-01-15 16:48:00,1,1,0
2026-01-10 19:06:00,1,1,0
2026-01-11 13:07:00,1,1,0
2026-01-11 17:31:00,2,2,0
2026-01-13 08:23:00,1,1,0
2026-01-15 09:33:00,2,2,0
2026-01-15 09:37:00,1,1,0
2026-01-13 18:49:00,3,3,0
2026-01-10 20:44:00,1,1,0
2026-01-13 18:45:00,1,1,0
2026-01-12 20:01:00,2,2,0
2026-01-16 12:03:00,1,1,0
2026-01-15 19:59:00,1,1,0
2026-01-14 12:46:00,2,2,0
2026-01-14 21:15:00,1,1,0
2026-01-13 07:06:00,2,2,0
2026-01-11 16:18:00,1,1,0
2026-01-11 07:41:00,1,1,0
2026-01-13 07:02:00,2,2,0
2026-01-11 07:49:00,1,1,0
2026-01-15 08:12:00,1,1,0
2026-01-13 08:59:00,2,2,0
2026-01-10 10:54:00,1,1,0
2026-01-12 10:19:00,1,1,0
2026-01-14 11:25:00,2,2,0
2026-01-14 11:29:00,2,2,0
2026-01-16 15:10:00,2,2,0
2026-01-16 06:49:00,2,2,0
2026-01-14 15:57:00,1,1,0
2026-01-11 19:29:00,1,1,0
2026-01-14 14:36:00,1,1,0
2026-01-14 08:42:00,1,1,0
2026-01-16 09:56:00,1,1,0
2026-01-13 11:51:00,1,1,0
2026-01-15 21:30:00,1,1,0
2026-01-15 21:34:00,5,5,0
2026-01-10 21:17:00,1,1,0
2026-01-12 06:11:00,1,1,0
2026-01-14 07:21:00,1,1,0
2026-01-14 13:19:00,3,3,0
2026-01-12 16:37:00,3,3,0
2026-01-12 16:33:00,1,1,0
2026-01-16 17:00:00,1,1,0
2026-01-16 08:39:00,2,2,0
2026-01-14 17:47:00,1,1,0
2026-01-13 10:34:00,1,1,0
2026-01-13 10:30:00,1,1,0
2026-01-13 10:38:00,1,1,0
2026-01-15 20:17:00,1,1,0
2026-01-15 11:48:00,2,2,0
2026-01-10 14:06:00,1,1,0
2026-01-14 06:04:00,1,1,0
2026-01-14 06:00:00,1,1,0
2026-01-14 06:08:00,2,2,0
2026-01-14 19:01:00,7,7,0
2026-01-12 19:40:00,2,2,0
2026-01-15 13:02:00,1,1,0
2026-01-13 13:49:00,1,1,0
2026-01-13 13:41:00,1,1,0
2026-01-15 14:59:00,1,1,0
2026-01-15 14:55:00,1,1,0
2026-01-12 08:01:00,1,1,0
2026-01-10 08:48:00,2,2,0
2026-01-10 08:44:00,1,1,0
2026-01-14 09:19:00,3,3,0
2026-01-14 09:11:00,3,3,0
2026-01-11 11:18:00,1,1,0
2026-01-11 11:14:00,2,2,0
2026-01-12 18:23:00,1,1,0
2026-01-16 21:57:00,1,1,0
2026-01-13 06:30:00,1,1,0
2026-01-13 12:24:00,1,1,0
2026-01-13 12:28:00,2,2,0
2026-01-15 07:44:00,1,1,0
2026-01-15 07:40:00,3,3,0
2026-01-15 16:13:00,2,2,0
2026-01-13 16:52:00,1,1,0
2026-01-10 07:27:00,1,1,0
2026-01-13 16:56:00,2,2,0
2026-01-16 10:10:00,1,1,0
2026-01-14 10:57:00,1,1,0
2026-01-14 10:53:00,3,3,0
2026-01-11 14:21:00,1,1,0
2026-01-11 14:29:00,2,2,0
2026-01-15 06:27:00,1,1,0
2026-01-13 15:39:00,1,1,0
2026-01-13 09:41:00,1,1,0
2026-01-15 19:24:00,2,2,0
2026-01-15 19:20:00,2,2,0
2026-01-11 13:08:00,1,1,0
2026-01-11 13:04:00,1,1,0
2026-01-13 08:20:00,2,2,0
2026-01-13 14:18:00,3,3,0
2026-01-11 17:32:00,1,1,0
2026-01-13 08:24:00,1,1,0
2026-01-15 18:03:00,1,1,0
2026-01-15 18:07:00,1,1,0
2026-01-15 09:30:00,1,1,0
2026-01-15 09:34:00,1,1,0
2026-01-12 11:33:00,1,1,0
2026-01-12 11:37:00,1,1,0
2026-01-10 20:41:00,2,2,0
2026-01-12 20:02:00,1,1,0
2026-01-14 12:47:00,1,1,0
2026-01-14 21:12:00,1,1,0
2026-01-14 21:16:00,1,1,0
2026-01-14 12:43:00,4,4,0
2026-01-12 21:59:00,1,1,0
2026-01-13 07:07:00,1,1,0
2026-01-13 07:03:00,3,3,0
2026-01-11 16:15:00,1,1,0
2026-01-11 07:46:00,1,1,0
2026-01-12 10:16:00,2,2,0
2026-01-10 13:30:00,1,1,0
2026-01-13 17:29:00,2,2,0
2026-01-12 14:40:00,1,1,0
2026-01-12 14:48:00,1,1,0
2026-01-12 14:44:00,2,2,0
2026-01-16 15:19:00,2,2,0
2026-01-14 15:58:00,1,1,0
2026-01-10 12:13:00,3,3,0
2026-01-10 16:41:00,1,1,0
2026-01-12 13:23:00,1,1,0
2026-01-12 13:27:00,1,1,0
2026-01-14 08:43:00,1,1,0
2026-01-14 17:12:00,2,2,0
2026-01-14 14:37:00,1,1,0
2026-01-12 17:55:00,1,1,0
2026-01-12 17:51:00,1,1,0
2026-01-12 17:59:00,1,1,0
2026-01-13 11:52:00,1,1,0
2026-01-13 20:21:00,1,1,0
2026-01-11 18:09:00,1,1,0
2026-01-15 21:35:00,1,1,0
2026-01-15 21:31:00,2,2,0
2026-01-10 15:24:00,1,1,0
2026-01-12 16:34:00,1,1,0
2026-01-14 17:48:00,1,1,0
2026-01-13 10:35:00,1,1,0
2026-01-13 10:31:00,2,2,0
2026-01-15 11:49:00,1,1,0
2026-01-14 06:05:00,1,1,0
2026-01-14 06:09:00,1,1,0
2026-01-10 18:35:00,1,1,0
2026-01-14 19:02:00,2,2,0
2026-01-14 19:06:00,3,3,0
2026-01-12 19:49:00,1,1,0
2026-01-12 19:45:00,1,1,0
2026-01-15 13:07:00,2,2,0
2026-01-13 13:42:00,1,1,0
2026-01-15 17:31:00,1,1,0
2026-01-12 08:02:00,2,2,0
2026-01-12 08:06:00,1,1,0
2026-01-10 17:10:00,1,1,0
2026-01-14 20:40:00,3,3,0
2026-01-14 09:16:00,4,4,0
2026-01-11 11:11:00,1,1,0
2026-01-16 21:54:00,1,1,0
2026-01-13 12:29:00,1,1,0
2026-01-15 07:41:00,1,1,0
2026-01-15 16:10:00,4,4,0
2026-01-15 16:14:00,4,4,0
2026-01-13 16:53:00,1,1,0
2026-01-13 16:57:00,3,3,0
2026-01-16 10:11:00,1,1,0
2026-01-14 10:50:00,1,1,0
2026-01-11 14:26:00,1,1,0
2026-01-15 06:28:00,2,2,0
2026-01-15 06:24:00,1,1,0
2026-01-13 15:36:00,1,1,0
2026-01-11 18:50:00,1,1,0
2026-01-13 18:11:00,1,1,0
2026-01-15 19:21:00,1,1,0
2026-01-11 13:09:00,1,1,0
2026-01-11 07:11:00,1,1,0
2026-01-16 17:50:00,1,1,0
2026-01-13 08:25:00,3,3,0
2026-01-13 08:29:00,3,3,0
2026-01-10 10:24:00,2,2,0
2026-01-15 18:04:00,2,2,0
2026-01-15 18:08:00,1,1,0
2026-01-15 09:35:00,1,1,0
2026-01-12 11:34:00,1,1,0
2026-01-13 18:47:00,1,1,0
2026-01-16 12:09:00,1,1,0
2026-01-14 21:13:00,1,1,0
2026-01-14 21:17:00,2,2,0
2026-01-14 12:48:00,1,1,0
2026-01-13 07:08:00,1,1,0
2026-01-13 07:04:00,1,1,0
2026-01-14 14:06:00,1,1,0
2026-01-12 14:49:00,1,1,0
2026-01-12 14:45:00,1,1,0
2026-01-16 06:47:00,1,1,0
2026-01-16 15:16:00,1,1,0
2026-01-14 18:30:00,1,1,0
2026-01-14 15:59:00,1,1,0
2026-01-11 09:05:00,2,2,0
2026-01-10 12:18:00,1,1,0
2026-01-10 12:14:00,1,1,0
2026-01-12 13:24:00,1,1,0
2026-01-16 08:01:00,1,1,0
2026-01-14 08:48:00,2,2,0
2026-01-14 17:13:00,2,2,0
2026-01-16 18:23:00,1,1,0
2026-01-16 18:27:00,2,2,0
2026-01-15 11:10:00,1,1,0
2026-01-15 11:14:00,1,1,0
2026-01-13 20:26:00,1,1,0
2026-01-15 21:32:00,1,1,0
2026-01-15 21:36:00,1,1,0
2026-01-10 06:52:00,1,1,0
2026-01-10 15:25:00,1,1,0
2026-01-14 07:23:00,1,1,0
2026-01-14 07:27:00,1,1,0
2026-01-10 19:53:00,1,1,0
2026-01-16 17:06:00,1,1,0
2026-01-13 10:36:00,3,3,0
2026-01-15 14:25:00,3,3,0
2026-01-10 08:10:00,2,2,0
2026-01-10 14:04:00,1,1,0
2026-01-12 09:28:00,1,1,0
2026-01-11 21:06:00,1,1,0
2026-01-15 13:08:00,2,2,0
2026-01-15 13:04:00,3,3,0
2026-01-13 13:47:00,1,1,0
2026-01-15 17:32:00,2,2,0
2026-01-15 17:36:00,2,2,0
2026-01-12 08:07:00,2,2,0
2026-01-16 11:33:00,1,1,0
2026-01-14 20:45:00,1,1,0
2026-01-14 20:41:00,3,3,0
2026-01-11 11:16:00,1,1,0
2026-01-16 21:51:00,1,1,0
2026-01-16 21:59:00,1,1,0
2026-01-11 15:48:00,1,1,0
2026-01-13 06:32:00,2,2,0
2026-01-11 15:44:00,1,1,0
2026-01-13 06:36:00,3,3,0
2026-01-15 07:42:00,2,2,0
2026-01-15 16:19:00,2,2,0
2026-01-13 16:54:00,1,1,0
2026-01-14 10:55:00,1,1,0
2026-01-11 14:23:00,1,1,0
2026-01-11 14:27:00,1,1,0
2026-01-15 09:00:00,1,1,0
2026-01-13 18:12:00,3,3,0
2026-01-11 18:55:00,1,1,0
2026-01-11 18:51:00,1,1,0
2026-01-11 18:59:00,1,1,0
2026-01-13 09:43:00,2,2,0
2026-01-15 19:22:00,1,1,0
2026-01-14 12:13:00,2,2,0
2026-01-10 19:09:00,1,1,0
2026-01-12 21:21:00,1,1,0
2026-01-16 17:51:00,1,1,0
2026-01-13 08:26:00,1,1,0
2026-01-15 18:09:00,2,2,0
2026-01-15 18:05:00,4,4,0
2026-01-12 20:00:00,2,2,0
2026-01-10 20:47:00,2,2,0
2026-01-14 15:20:00,1,1,0
2026-01-14 12:49:00,2,2,0
2026-01-14 15:24:00,1,1,0
2026-01-14 06:55:00,1,1,0
2026-01-16 16:38:00,1,1,0
2026-01-13 07:09:00,1,1,0
2026-01-10 13:36:00,1,1,0
2026-01-12 10:18:00,1,1,0
2026-01-10 13:32:00,1,1,0
2026-01-14 14:03:00,5,5,0
2026-01-12 14:42:00,1,1,0
2026-01-16 15:17:00,1,1,0
2026-01-11 09:02:00,1,1,0
2026-01-16 19:45:00,1,1,0
2026-01-16 19:49:00,2,2,0
2026-01-13 21:40:00,1,1,0
2026-01-10 12:11:00,1,1,0
2026-01-10 12:15:00,1,1,0
2026-01-13 21:44:00,1,1,0
2026-01-12 07:35:00,1,1,0
2026-01-16 08:02:00,2,2,0
2026-01-14 08:49:00,2,2,0
2026-01-14 08:41:00,2,2,0
2026-01-14 17:18:00,1,1,0
2026-01-14 08:45:00,2,2,0
2026-01-14 17:14:00,2,2,0
2026-01-12 17:53:00,2,2,0
2026-01-13 10:01:00,1,1,0
2026-01-12 17:57:00,1,1,0
2026-01-11 10:44:00,1,1,0
2026-01-15 11:15:00,1,1,0
2026-01-15 11:11:00,1,1,0
2026-01-15 11:19:00,1,1,0
2026-01-13 20:23:00,1,1,0
2026-01-13 20:27:00,2,2,0
2026-01-13 11:58:00,2,2,0
2026-01-13 11:54:00,1,1,0
2026-01-15 21:37:00,1,1,0
2026-01-15 15:43:00,3,3,0
2026-01-10 15:26:00,1,1,0
2026-01-12 06:10:00,1,1,0
2026-01-10 15:22:00,1,1,0
2026-01-14 07:28:00,1,1,0
2026-01-12 19:11:00,1,1,0
2026-01-13 13:12:00,1,1,0
2026-01-13 10:37:00,1,1,0
2026-01-15 14:22:00,1,1,0
2026-01-10 08:11:00,2,2,0
2026-01-15 18:50:00,2,2,0
2026-01-15 18:54:00,2,2,0
2026-01-10 18:37:00,1,1,0
2026-01-12 09:21:00,1,1,0
2026-01-14 19:08:00,1,1,0
2026-01-14 19:04:00,4,4,0
2026-01-11 12:30:00,1,1,0
2026-01-11 21:03:00,1,1,0
2026-01-13 13:48:00,3,3,0
2026-01-13 07:50:00,2,2,0
2026-01-13 07:54:00,1,1,0
2026-01-14 10:20:00,4,4,0
2026-01-12 08:04:00,2,2,0
2026-01-16 20:03:00,1,1,0
2026-01-14 20:42:00,1,1,0
2026-01-14 20:46:00,2,2,0
2026-01-11 11:17:00,2,2,0
2026-01-16 21:56:00,1,1,0
2026-01-13 15:02:00,1,1,0
2026-01-13 06:37:00,2,2,0
2026-01-13 15:06:00,2,2,0
2026-01-15 16:16:00,1,1,0
2026-01-15 16:12:00,1,1,0
2026-01-15 07:47:00,5,5,0
2026-01-13 16:59:00,1,1,0
2026-01-13 19:30:00,1,1,0
2026-01-16 10:17:00,2,2,0
2026-01-14 10:56:00,1,1,0
2026-01-16 14:41:00,3,3,0
2026-01-11 08:34:00,1,1,0
2026-01-15 09:05:00,1,1,0
2026-01-15 09:01:00,2,2,0
2026-01-13 18:17:00,2,2,0
2026-01-13 18:13:00,1,1,0
2026-01-13 09:44:00,2,2,0
2026-01-10 20:12:00,2,2,0
2026-01-13 09:48:00,3,3,0
2026-01-15 19:27:00,1,1,0
2026-01-15 19:23:00,1,1,0
2026-01-14 12:14:00,1,1,0
2026-01-12 12:53:00,1,1,0
2026-01-12 21:26:00,2,2,0
2026-01-16 13:28:00,1,1,0
2026-01-16 13:24:00,2,2,0
2026-01-14 16:42:00,2,2,0
2026-01-11 07:13:00,2,2,0
2026-01-16 17:56:00,1,1,0
2026-01-13 08:27:00,1,1,0
2026-01-10 10:22:00,1,1,0
2026-01-11 17:39:00,1,1,0
2026-01-10 10:26:00,1,1,0
2026-01-12 20:05:00,1,1,0
2026-01-10 20:48:00,1,1,0
2026-01-16 12:07:00,1,1,0
2026-01-16 06:13:00,1,1,0
2026-01-14 15:21:00,2,2,0
2026-01-14 21:19:00,1,1,0
2026-01-14 06:52:00,3,3,0
2026-01-14 06:56:00,3,3,0
2026-01-16 16:31:00,1,1,0
2026-01-10 13:33:00,1,1,0
2026-01-14 14:08:00,1,1,0
2026-01-14 14:00:00,1,1,0
2026-01-16 15:18:00,1,1,0
2026-01-14 18:36:00,1,1,0
2026-01-14 18:32:00,1,1,0
2026-01-11 09:07:00,1,1,0
2026-01-11 20:31:00,1,1,0
2026-01-15 21:02:00,2,2,0
2026-01-13 21:41:00,1,1,0
2026-01-13 21:45:00,1,1,0
2026-01-13 21:49:00,1,1,0
2026-01-12 16:01:00,1,1,0
2026-01-16 08:03:00,1,1,0
2026-01-14 17:15:00,3,3,0
2026-01-14 08:46:00,1,1,0
2026-01-14 17:11:00,2,2,0
2026-01-14 17:19:00,2,2,0
2026-01-13 10:02:00,1,1,0
2026-01-11 10:45:00,1,1,0
2026-01-11 10:41:00,1,1,0
2026-01-15 11:16:00,1,1,0
2026-01-15 11:12:00,3,3,0
2026-01-13 20:24:00,2,2,0
2026-01-13 11:55:00,1,1,0
2026-01-13 20:28:00,1,1,0
2026-01-15 15:44:00,3,3,0
2026-01-15 21:38:00,1,1,0
2026-01-15 15:40:00,1,1,0
2026-01-10 09:33:00,1,1,0
2026-01-10 19:55:00,1,1,0
2026-01-10 19:59:00,1,1,0
2026-01-13 13:13:00,3,3,0
2026-01-15 14:23:00,4,4,0
2026-01-10 08:16:00,1,1,0
2026-01-15 18:55:00,2,2,0
2026-01-12 09:26:00,1,1,0
2026-01-14 19:09:00,1,1,0
2026-01-11 21:00:00,1,1,0
2026-01-11 21:08:00,1,1,0
2026-01-11 06:41:00,1,1,0
2026-01-15 13:06:00,2,2,0
2026-01-13 07:55:00,1,1,0
2026-01-13 07:59:00,1,1,0
2026-01-13 07:51:00,2,2,0
2026-01-15 17:34:00,1,1,0
2026-01-15 17:38:00,1,1,0
2026-01-14 10:25:00,1,1,0
2026-01-14 10:21:00,4,4,0
2026-01-16 11:35:00,1,1,0
2026-01-14 20:43:00,4,4,0
2026-01-13 15:03:00,1,1,0
2026-01-13 15:07:00,1,1,0
2026-01-13 06:38:00,2,2,0
2026-01-11 09:52:00,1,1,0
2026-01-13 06:34:00,2,2,0
2026-01-13 19:31:00,1,1,0
2026-01-13 19:35:00,3,3,0
2026-01-10 21:30:00,2,2,0
2026-01-16 10:18:00,1,1,0
2026-01-14 13:32:00,2,2,0
2026-01-16 14:46:00,1,1,0
2026-01-11 17:00:00,1,1,0
2026-01-11 08:31:00,2,2,0
2026-01-15 09:02:00,2,2,0
2026-01-13 18:14:00,1,1,0
2026-01-13 09:45:00,2,2,0
2026-01-12 11:01:00,1,1,0
2026-01-10 11:48:00,1,1,0
2026-01-10 20:13:00,1,1,0
2026-01-13 09:49:00,2,2,0
2026-01-10 11:44:00,1,1,0
2026-01-14 12:19:00,1,1,0
2026-01-14 12:11:00,2,2,0
2026-01-12 12:58:00,1,1,0
2026-01-16 13:29:00,1,1,0
2026-01-16 13:25:00,1,1,0
2026-01-11 07:10:00,1,1,0
2026-01-16 17:53:00,1,1,0
2026-01-15 10:44:00,2,2,0
2026-01-15 10:40:00,1,1,0
2026-01-10 14:51:00,2,2,0
2026-01-14 15:26:00,1,1,0
2026-01-14 06:57:00,1,1,0
2026-01-14 06:53:00,2,2,0
2026-01-14 19:54:00,1,1,0
2026-01-14 19:50:00,3,3,0
2026-01-15 13:55:00,2,2,0
2026-01-15 13:51:00,4,4,0
2026-01-10 13:38:00,2,2,0
2026-01-14 08:11:00,1,1,0
2026-01-14 14:05:00,1,1,0
2026-01-12 08:50:00,3,3,0
2026-01-12 08:54:00,1,1,0
2026-01-14 18:33:00,2,2,0
2026-01-13 11:20:00,1,1,0
2026-01-11 09:08:00,1,1,0
2026-01-11 20:32:00,2,2,0
2026-01-15 12:30:00,2,2,0
2026-01-15 21:03:00,1,1,0
2026-01-15 12:38:00,2,2,0
2026-01-13 21:42:00,1,1,0
2026-01-13 21:46:00,3,3,0
2026-01-10 16:45:00,1,1,0
2026-01-12 16:06:00,2,2,0
2026-01-12 07:37:00,1,1,0
2026-01-16 08:04:00,2,2,0
2026-01-14 17:16:00,2,2,0
2026-01-13 10:07:00,2,2,0
2026-01-11 10:46:00,1,1,0
2026-01-11 10:42:00,1,1,0
2026-01-15 11:17:00,1,1,0
2026-01-15 11:13:00,1,1,0
2026-01-13 20:25:00,3,3,0
2026-01-15 15:49:00,1,1,0
2026-01-15 15:41:00,2,2,0
2026-01-15 15:45:00,1,1,0
2026-01-10 09:34:00,1,1,0
2026-01-10 15:28:00,2,2,0
2026-01-10 19:56:00,1,1,0
2026-01-13 13:18:00,1,1,0
2026-01-13 13:14:00,2,2,0
2026-01-15 14:24:00,1,1,0
2026-01-15 14:28:00,5,5,0
2026-01-15 08:30:00,5,5,0
2026-01-13 17:42:00,1,1,0
2026-01-10 08:17:00,1,1,0
2026-01-15 18:56:00,1,1,0
2026-01-15 18:52:00,1,1,0
2026-01-14 11:43:00,3,3,0
2026-01-12 20:51:00,1,1,0
2026-01-12 20:55:00,2,2,0
2026-01-15 07:17:00,3,3,0
2026-01-15 07:13:00,1,1,0
2026-01-13 16:25:00,1,1,0
2026-01-13 07:56:00,1,1,0
2026-01-13 16:21:00,1,1,0
2026-01-13 16:29:00,1,1,0
2026-01-13 07:52:00,2,2,0
2026-01-15 17:39:00,1,1,0
2026-01-14 10:26:00,2,2,0
2026-01-14 10:22:00,2,2,0
2026-01-16 20:01:00,1,1,0
2026-01-16 20:09:00,1,1,0
2026-01-14 14:50:00,1,1,0
2026-01-14 20:48:00,2,2,0
2026-01-13 15:04:00,1,1,0
2026-01-13 06:39:00,3,3,0
2026-01-13 06:35:00,2,2,0
2026-01-13 19:32:00,2,2,0
2026-01-13 19:36:00,1,1,0
2026-01-14 13:37:00,1,1,0
2026-01-14 13:33:00,1,1,0
2026-01-11 17:05:00,1,1,0
2026-01-11 08:36:00,2,2,0
2026-01-15 09:03:00,2,2,0
2026-01-15 09:07:00,1,1,0
2026-01-13 18:19:00,1,1,0
2026-01-13 09:46:00,2,2,0
2026-01-13 18:15:00,2,2,0
2026-01-10 11:49:00,1,1,0
2026-01-11 18:58:00,1,1,0
2026-01-10 20:14:00,1,1,0
2026-01-15 19:29:00,1,1,0
2026-01-12 12:59:00,1,1,0
2026-01-12 21:24:00,1,1,0
2026-01-12 15:30:00,2,2,0
2026-01-14 16:48:00,1,1,0
2026-01-14 16:40:00,1,1,0
2026-01-14 16:44:00,2,2,0
2026-01-11 07:15:00,1,1,0
2026-01-16 17:58:00,1,1,0
2026-01-15 10:45:00,1,1,0
2026-01-12 14:13:00,2,2,0
2026-01-16 19:12:00,1,1,0
2026-01-14 19:51:00,1,1,0
2026-01-14 19:55:00,2,2,0
2026-01-14 19:59:00,3,3,0
2026-01-15 13:56:00,1,1,0
2026-01-15 13:52:00,1,1,0
2026-01-10 13:39:00,1,1,0
2026-01-14 08:12:00,1,1,0
2026-01-12 08:59:00,1,1,0
2026-01-16 09:26:00,1,1,0
2026-01-14 18:34:00,1,1,0
2026-01-13 11:25:00,2,2,0
2026-01-13 11:21:00,1,1,0
2026-01-15 21:00:00,1,1,0
2026-01-15 21:08:00,2,2,0
2026-01-15 12:39:00,1,1,0
2026-01-15 21:04:00,2,2,0
2026-01-13 21:47:00,1,1,0
2026-01-10 06:20:00,1,1,0
2026-01-13 21:43:00,2,2,0
2026-01-10 19:21:00,1,1,0
2026-01-16 08:09:00,1,1,0
2026-01-16 08:05:00,1,1,0
2026-01-13 10:04:00,2,2,0
2026-01-13 10:00:00,1,1,0
2026-01-15 11:18:00,1,1,0
2026-01-13 14:36:00,1,1,0
2026-01-13 14:32:00,3,3,0
2026-01-15 15:46:00,2,2,0
2026-01-15 15:42:00,4,4,0
2026-01-10 18:04:00,1,1,0
2026-01-10 09:31:00,1,1,0
2026-01-11 12:01:00,1,1,0
2026-01-13 13:15:00,2,2,0
2026-01-13 13:11:00,3,3,0
2026-01-13 13:19:00,2,2,0
2026-01-15 08:31:00,1,1,0
2026-01-15 17:00:00,4,4,0
2026-01-15 08:35:00,1,1,0
2026-01-13 17:43:00,1,1,0
2026-01-13 17:47:00,1,1,0
2026-01-15 18:53:00,1,1,0
2026-01-15 18:57:00,2,2,0
2026-01-14 11:40:00,1,1,0
2026-01-12 20:56:00,1,1,0
2026-01-16 12:50:00,1,1,0
2026-01-16 21:27:00,1,1,0
2026-01-11 06:43:00,1,1,0
2026-01-11 15:16:00,1,1,0
2026-01-11 15:12:00,1,1,0
2026-01-15 07:14:00,1,1,0
2026-01-15 07:10:00,2,2,0
2026-01-13 16:22:00,1,1,0
2026-01-13 07:53:00,2,2,0
2026-01-11 19:40:00,1,1,0
2026-01-13 16:26:00,4,4,0
2026-01-14 10:27:00,1,1,0
2026-01-16 20:06:00,1,1,0
2026-01-14 14:55:00,2,2,0
2026-01-14 14:51:00,2,2,0
2026-01-14 20:49:00,1,1,0
2026-01-13 15:09:00,1,1,0
2026-01-13 15:05:00,1,1,0
2026-01-13 19:37:00,1,1,0
2026-01-13 19:33:00,3,3,0
2026-01-10 21:36:00,1,1,0
2026-01-12 12:20:00,1,1,0
2026-01-14 13:34:00,1,1,0
2026-01-14 13:38:00,3,3,0
2026-01-16 14:48:00,1,1,0
2026-01-11 08:37:00,1,1,0
2026-01-15 09:08:00,1,1,0
2026-01-15 09:04:00,4,4,0
2026-01-13 18:16:00,5,5,0
2026-01-12 11:03:00,1,1,0
2026-01-14 06:23:00,4,4,0
2026-01-16 16:02:00,1,1,0
2026-01-14 16:45:00,4,4,0
2026-01-14 16:49:00,2,2,0
2026-01-15 10:46:00,1,1,0
2026-01-10 10:29:00,1,1,0
2026-01-10 14:57:00,1,1,0
2026-01-16 06:12:00,1,1,0
2026-01-16 06:16:00,1,1,0
2026-01-14 06:59:00,2,2,0
2026-01-14 09:30:00,1,1,0
2026-01-14 15:28:00,4,4,0
2026-01-12 18:46:00,1,1,0
2026-01-14 19:56:00,2,2,0
2026-01-11 21:55:00,1,1,0
2026-01-11 21:51:00,1,1,0
2026-01-15 13:53:00,1,1,0
2026-01-15 13:57:00,1,1,0
2026-01-10 07:46:00,1,1,0
2026-01-14 08:13:00,2,2,0
2026-01-14 08:17:00,1,1,0
2026-01-12 17:25:00,1,1,0
2026-01-16 20:51:00,1,1,0
2026-01-16 09:27:00,3,3,0
2026-01-14 18:39:00,2,2,0
2026-01-13 11:22:00,2,2,0
2026-01-15 21:09:00,1,1,0
2026-01-15 21:05:00,1,1,0
2026-01-15 21:01:00,1,1,0
2026-01-15 06:42:00,2,2,0
2026-01-15 12:36:00,3,3,0
2026-01-13 15:54:00,1,1,0
2026-01-13 21:48:00,1,1,0
2026-01-13 15:50:00,2,2,0
2026-01-10 06:29:00,1,1,0
2026-01-12 16:04:00,1,1,0
2026-01-13 10:09:00,1,1,0
2026-01-13 14:37:00,1,1,0
2026-01-15 09:53:00,2,2,0
2026-01-15 15:47:00,2,2,0
2026-01-10 09:36:00,1,1,0
2026-01-14 21:31:00,2,2,0
2026-01-11 12:02:00,2,2,0
2026-01-11 12:06:00,2,2,0
2026-01-12 19:15:00,1,1,0
2026-01-11 16:34:00,1,1,0
2026-01-15 08:36:00,3,3,0
2026-01-15 08:32:00,1,1,0
2026-01-15 17:01:00,1,1,0
2026-01-13 17:40:00,3,3,0
2026-01-13 17:44:00,3,3,0
2026-01-12 10:31:00,2,2,0
2026-01-10 08:19:00,3,3,0
2026-01-14 20:10:00,1,1,0
2026-01-14 20:14:00,1,1,0
2026-01-14 11:49:00,2,2,0
2026-01-14 11:45:00,4,4,0
2026-01-12 20:53:00,1,1,0
2026-01-16 12:59:00,1,1,0
2026-01-16 21:24:00,1,1,0
2026-01-16 21:20:00,2,2,0
2026-01-13 06:01:00,1,1,0
2026-01-11 06:44:00,1,1,0
2026-01-11 15:17:00,1,1,0
2026-01-11 15:13:00,1,1,0
2026-01-15 07:15:00,3,3,0
2026-01-15 07:11:00,2,2,0
2026-01-15 07:19:00,1,1,0
2026-01-13 16:27:00,2,2,0
2026-01-13 07:58:00,1,1,0
2026-01-11 19:45:00,1,1,0
2026-01-14 10:28:00,1,1,0
2026-01-14 10:24:00,2,2,0
2026-01-12 13:42:00,1,1,0
2026-01-16 20:07:00,1,1,0
2026-01-14 14:56:00,2,2,0
2026-01-13 09:16:00,1,1,0
2026-01-13 09:12:00,2,2,0
2026-01-11 09:55:00,1,1,0
2026-01-11 18:28:00,1,1,0
2026-01-15 21:50:00,3,3,0
2026-01-13 19:38:00,1,1,0
2026-01-13 19:34:00,1,1,0
2026-01-12 12:29:00,2,2,0
2026-01-10 21:33:00,1,1,0
2026-01-14 13:35:00,2,2,0
2026-01-14 07:41:00,1,1,0
2026-01-16 17:20:00,1,1,0
2026-01-13 10:50:00,1,1,0
2026-01-11 17:07:00,2,2,0
2026-01-15 09:09:00,2,2,0
2026-01-15 20:33:00,4,4,0
2026-01-10 11:47:00,2,2,0
2026-01-12 11:08:00,1,1,0
2026-01-10 14:22:00,1,1,0
2026-01-14 06:24:00,1,1,0
2026-01-14 06:20:00,1,1,0
2026-01-14 12:18:00,3,3,0
2026-01-12 15:36:00,1,1,0
2026-01-16 07:38:00,1,1,0
2026-01-16 16:03:00,1,1,0
2026-01-14 16:46:00,1,1,0
2026-01-15 10:43:00,4,4,0
2026-01-15 10:47:00,2,2,0
2026-01-14 18:00:00,1,1,0
2026-01-14 09:31:00,2,2,0
2026-01-14 09:35:00,1,1,0
2026-01-14 18:04:00,1,1,0
2026-01-12 18:47:00,1,1,0
2026-01-16 19:10:00,1,1,0
2026-01-15 12:01:00,1,1,0
2026-01-14 19:57:00,2,2,0
2026-01-14 19:53:00,1,1,0
2026-01-13 12:48:00,1,1,0
2026-01-13 21:13:00,1,1,0
2026-01-13 12:44:00,2,2,0
2026-01-13 12:40:00,2,2,0
2026-01-15 13:54:00,3,3,0
2026-01-14 08:18:00,2,2,0
2026-01-14 08:14:00,1,1,0
2026-01-14 08:10:00,2,2,0
2026-01-12 17:26:00,1,1,0
2026-01-16 09:28:00,1,1,0
2026-01-13 11:27:00,2,2,0
2026-01-11 20:39:00,1,1,0
2026-01-15 06:43:00,1,1,0
2026-01-13 15:55:00,2,2,0
2026-01-13 15:51:00,1,1,0
2026-01-13 15:59:00,1,1,0
2026-01-13 10:06:00,1,1,0
2026-01-11 13:20:00,3,3,0
2026-01-15 18:23:00,1,1,0
2026-01-15 15:48:00,3,3,0
2026-01-15 09:54:00,3,3,0
2026-01-16 12:20:00,1,1,0
2026-01-13 07:23:00,4,4,0
2026-01-13 13:17:00,1,1,0
2026-01-15 17:06:00,4,4,0
2026-01-15 08:37:00,1,1,0
2026-01-15 08:33:00,2,2,0
2026-01-13 17:41:00,1,1,0
2026-01-13 17:45:00,2,2,0
2026-01-13 17:49:00,1,1,0
2026-01-16 11:03:00,1,1,0
2026-01-15 18:59:00,2,2,0
2026-01-14 20:19:00,1,1,0
2026-01-14 20:15:00,1,1,0
2026-01-14 11:42:00,3,3,0
2026-01-14 11:46:00,3,3,0
2026-01-14 20:11:00,1,1,0
2026-01-13 06:02:00,1,1,0
2026-01-13 06:06:00,3,3,0
2026-01-11 06:49:00,1,1,0
2026-01-11 15:14:00,1,1,0
2026-01-15 07:16:00,1,1,0
2026-01-13 16:28:00,1,1,0
2026-01-14 13:00:00,1,1,0
2026-01-12 13:43:00,1,1,0
2026-01-16 14:18:00,2,2,0
2026-01-16 14:10:00,1,1,0
2026-01-14 14:53:00,4,4,0
2026-01-14 14:57:00,2,2,0
2026-01-13 09:13:00,3,3,0
2026-01-10 11:16:00,1,1,0
2026-01-13 09:17:00,3,3,0
2026-01-10 11:12:00,1,1,0
2026-01-15 21:51:00,2,2,0
2026-01-10 21:38:00,1,1,0
2026-01-12 12:22:00,1,1,0
2026-01-13 19:39:00,2,2,0
2026-01-14 13:36:00,1,1,0
2026-01-14 07:42:00,3,3,0
2026-01-12 16:50:00,1,1,0
2026-01-12 16:54:00,1,1,0
2026-01-13 10:55:00,2,2,0
2026-01-11 17:08:00,2,2,0
2026-01-11 08:39:00,1,1,0
2026-01-15 20:30:00,1,1,0
2026-01-15 20:34:00,2,2,0
2026-01-10 14:23:00,2,2,0
2026-01-12 11:05:00,1,1,0
2026-01-14 06:25:00,1,1,0
2026-01-10 18:51:00,1,1,0
2026-01-16 07:39:00,1,1,0
2026-01-16 16:04:00,1,1,0
2026-01-16 16:08:00,1,1,0
2026-01-16 07:35:00,1,1,0
2026-01-14 19:22:00,1,1,0
2026-01-14 16:47:00,1,1,0
2026-01-10 17:30:00,1,1,0
2026-01-14 18:01:00,2,2,0
2026-01-14 09:36:00,1,1,0
2026-01-14 09:32:00,3,3,0
2026-01-16 19:11:00,1,1,0
2026-01-16 19:19:00,2,2,0
2026-01-15 12:06:00,2,2,0
2026-01-15 12:02:00,5,5,0
2026-01-13 21:14:00,1,1,0
2026-01-13 12:45:00,5,5,0
2026-01-13 21:10:00,1,1,0
2026-01-11 21:57:00,2,2,0
2026-01-13 21:18:00,2,2,0
2026-01-15 16:30:00,1,1,0
2026-01-15 13:59:00,2,2,0
2026-01-10 07:44:00,1,1,0
2026-01-14 08:19:00,3,3,0
2026-01-11 10:18:00,2,2,0
2026-01-13 11:24:00,1,1,0
2026-01-13 11:28:00,3,3,0
2026-01-15 06:44:00,1,1,0
2026-01-15 06:48:00,3,3,0
2026-01-15 15:13:00,1,1,0
2026-01-13 15:52:00,1,1,0
2026-01-13 15:56:00,1,1,0
2026-01-15 19:41:00,1,1,0
2026-01-10 19:24:00,1,1,0
2026-01-10 19:28:00,1,1,0
2026-01-11 13:25:00,1,1,0
2026-01-13 17:10:00,2,2,0
2026-01-13 14:39:00,5,5,0
2026-01-13 08:41:00,1,1,0
2026-01-13 14:35:00,2,2,0
2026-01-15 09:55:00,3,3,0
2026-01-15 09:51:00,1,1,0
2026-01-15 09:59:00,4,4,0
2026-01-15 18:24:00,2,2,0
2026-01-10 09:38:00,1,1,0
2026-01-16 12:25:00,1,1,0
2026-01-14 21:37:00,1,1,0
2026-01-14 21:33:00,2,2,0
2026-01-11 16:36:00,1,1,0
2026-01-13 07:20:00,1,1,0
2026-01-15 17:07:00,2,2,0
2026-01-15 08:34:00,2,2,0
2026-01-15 08:38:00,2,2,0
2026-01-15 17:03:00,2,2,0
2026-01-13 17:46:00,1,1,0
2026-01-16 11:04:00,1,1,0
2026-01-16 11:08:00,2,2,0
2026-01-14 20:16:00,1,1,0
2026-01-14 11:47:00,1,1,0
2026-01-14 20:12:00,3,3,0
2026-01-13 06:03:00,2,2,0
2026-01-11 15:19:00,1,1,0
2026-01-11 09:21:00,1,1,0
2026-01-11 19:47:00,1,1,0
2026-01-11 19:43:00,1,1,0
2026-01-10 12:30:00,1,1,0
2026-01-14 13:05:00,1,1,0
2026-01-14 13:01:00,1,1,0
2026-01-12 13:44:00,1,1,0
2026-01-12 13:40:00,1,1,0
2026-01-14 14:58:00,3,3,0
2026-01-14 14:54:00,2,2,0
2026-01-11 08:00:00,1,1,0
2026-01-11 08:08:00,1,1,0
2026-01-13 09:18:00,1,1,0
2026-01-11 09:57:00,1,1,0
2026-01-15 21:52:00,2,2,0
2026-01-12 12:27:00,1,1,0
2026-01-10 15:41:00,1,1,0
2026-01-16 07:00:00,1,1,0
2026-01-14 07:47:00,2,2,0
2026-01-14 16:12:00,1,1,0
2026-01-14 07:43:00,2,2,0
2026-01-16 17:22:00,1,1,0
2026-01-16 08:57:00,1,1,0
2026-01-13 10:56:00,2,2,0
2026-01-15 20:39:00,3,3,0
2026-01-15 20:31:00,2,2,0
2026-01-14 06:22:00,1,1,0
2026-01-10 18:52:00,1,1,0
2026-01-12 15:34:00,1,1,0
2026-01-12 15:38:00,1,1,0
2026-01-14 19:23:00,1,1,0
2026-01-15 13:20:00,2,2,0
2026-01-15 13:24:00,2,2,0
2026-01-15 10:49:00,2,2,0
2026-01-10 17:35:00,1,1,0
2026-01-12 08:27:00,1,1,0
2026-01-14 18:06:00,1,1,0
2026-01-14 09:37:00,1,1,0
2026-01-14 09:33:00,3,3,0
2026-01-14 18:02:00,3,3,0
2026-01-11 11:32:00,1,1,0
2026-01-16 19:16:00,1,1,0
2026-01-15 12:07:00,1,1,0
2026-01-13 12:46:00,1,1,0
2026-01-13 21:11:00,1,1,0
2026-01-13 21:15:00,1,1,0
2026-01-15 16:31:00,3,3,0
2026-01-10 07:45:00,1,1,0
2026-01-12 07:06:00,1,1,0
2026-01-10 16:18:00,1,1,0
2026-01-12 07:02:00,1,1,0
2026-01-10 07:49:00,2,2,0
2026-01-14 08:16:00,3,3,0
2026-01-11 10:15:00,1,1,0
2026-01-11 10:19:00,1,1,0
2026-01-13 11:29:00,3,3,0
2026-01-13 14:00:00,1,1,0
2026-01-11 14:43:00,1,1,0
2026-01-15 06:49:00,2,2,0
2026-01-15 06:45:00,1,1,0
2026-01-15 15:10:00,1,1,0
2026-01-15 06:41:00,1,1,0
2026-01-13 15:57:00,1,1,0
2026-01-13 15:53:00,3,3,0
2026-01-15 19:42:00,1,1,0
2026-01-10 19:29:00,1,1,0
2026-01-16 13:43:00,1,1,0
2026-01-13 08:46:00,1,1,0
2026-01-13 08:42:00,2,2,0
2026-01-11 17:50:00,1,1,0
2026-01-11 17:54:00,1,1,0
2026-01-10 10:41:00,1,1,0
2026-01-15 18:29:00,1,1,0
2026-01-15 09:52:00,3,3,0
2026-01-15 09:56:00,2,2,0
2026-01-15 18:21:00,2,2,0
2026-01-15 18:25:00,1,1,0
2026-01-14 11:12:00,2,2,0
2026-01-12 11:55:00,1,1,0
2026-01-10 18:08:00,1,1,0
2026-01-14 21:34:00,1,1,0
2026-01-14 21:30:00,1,1,0
2026-01-14 21:38:00,1,1,0
2026-01-11 06:15:00,2,2,0
2026-01-13 07:25:00,3,3,0
2026-01-13 07:21:00,1,1,0
2026-01-15 08:39:00,1,1,0
2026-01-15 17:08:00,2,2,0
2026-01-15 17:04:00,1,1,0
2026-01-12 10:30:00,2,2,0
2026-01-10 13:52:00,2,2,0
2026-01-16 11:05:00,1,1,0
2026-01-14 14:23:00,2,2,0
2026-01-14 20:17:00,2,2,0
2026-01-13 06:08:00,4,4,0
2026-01-13 19:09:00,1,1,0
2026-01-13 19:05:00,4,4,0
2026-01-14 13:02:00,2,2,0
2026-01-16 14:16:00,1,1,0
2026-01-14 17:30:00,3,3,0
2026-01-11 08:01:00,1,1,0
2026-01-10 11:10:00,2,2,0
2026-01-15 21:53:00,3,3,0
2026-01-12 12:28:00,1,1,0
2026-01-12 06:34:00,1,1,0
2026-01-16 07:05:00,1,1,0
2026-01-14 07:40:00,1,1,0
2026-01-14 07:44:00,1,1,0
2026-01-14 07:48:00,1,1,0
2026-01-12 16:52:00,2,2,0
2026-01-15 10:14:00,1,1,0
2026-01-15 10:10:00,1,1,0
2026-01-13 10:53:00,2,2,0
2026-01-15 14:42:00,1,1,0
2026-01-15 20:36:00,2,2,0
2026-01-10 14:21:00,1,1,0
2026-01-10 14:29:00,1,1,0
2026-01-10 14:25:00,1,1,0
2026-01-14 06:27:00,2,2,0
2026-01-10 18:57:00,1,1,0
2026-01-12 15:39:00,1,1,0
2026-01-14 19:28:00,2,2,0
2026-01-14 19:24:00,1,1,0
2026-01-14 19:20:00,2,2,0
2026-01-11 12:50:00,1,1,0
2026-01-13 12:11:00,4,4,0
2026-01-15 13:21:00,1,1,0
2026-01-15 13:25:00,2,2,0
2026-01-10 07:14:00,1,1,0
2026-01-10 13:08:00,1,1,0
2026-01-10 07:10:00,1,1,0
2026-01-12 08:24:00,1,1,0
2026-01-10 17:32:00,1,1,0
2026-01-14 18:03:00,2,2,0
2026-01-14 09:38:00,2,2,0
2026-01-11 20:02:00,1,1,0
2026-01-15 12:00:00,4,4,0
2026-01-13 12:47:00,2,2,0
2026-01-13 06:53:00,1,1,0
2026-01-15 16:32:00,2,2,0
2026-01-15 16:36:00,4,4,0
2026-01-11 10:16:00,1,1,0
2026-01-16 20:55:00,1,1,0
2026-01-13 14:05:00,1,1,0
2026-01-13 14:01:00,2,2,0
2026-01-15 06:46:00,2,2,0
2026-01-15 15:11:00,1,1,0
2026-01-15 15:19:00,2,2,0
2026-01-15 15:15:00,2,2,0
2026-01-13 15:58:00,1,1,0
2026-01-15 19:47:00,1,1,0
2026-01-15 19:43:00,4,4,0
2026-01-16 13:40:00,1,1,0
2026-01-11 13:27:00,1,1,0
2026-01-15 08:00:00,1,1,0
2026-01-15 08:04:00,4,4,0
2026-01-13 08:47:00,1,1,0
2026-01-13 17:12:00,2,2,0
2026-01-11 17:59:00,1,1,0
2026-01-10 10:42:00,2,2,0
2026-01-15 18:26:00,2,2,0
2026-01-15 18:22:00,1,1,0
2026-01-15 09:57:00,3,3,0
2026-01-14 11:13:00,1,1,0
2026-01-16 12:23:00,1,1,0
2026-01-14 21:39:00,1,1,0
2026-01-11 06:16:00,1,1,0
2026-01-11 16:38:00,1,1,0
2026-01-15 17:09:00,1,1,0
2026-01-14 14:20:00,2,2,0
2026-01-16 15:38:00,1,1,0
2026-01-11 09:23:00,1,1,0
2026-01-13 19:06:00,2,2,0
2026-01-13 19:02:00,2,2,0
2026-01-10 21:05:00,1,1,0
2026-01-10 12:36:00,1,1,0
2026-01-10 21:01:00,1,1,0
2026-01-14 13:07:00,1,1,0
2026-01-14 13:03:00,1,1,0
2026-01-12 07:52:00,1,1,0
2026-01-14 17:35:00,2,2,0
2026-01-14 17:31:00,1,1,0
2026-01-11 08:06:00,1,1,0
2026-01-16 18:45:00,2,2,0
2026-01-16 18:41:00,2,2,0
2026-01-15 20:01:00,3,3,0
2026-01-13 20:44:00,1,1,0
2026-01-10 11:15:00,1,1,0
2026-01-13 20:40:00,2,2,0
2026-01-10 11:19:00,1,1,0
2026-01-13 20:48:00,3,3,0
2026-01-15 21:54:00,3,3,0
2026-01-15 21:58:00,2,2,0
2026-01-12 15:00:00,1,1,0
2026-01-10 15:47:00,1,1,0
2026-01-10 15:43:00,1,1,0
2026-01-12 15:04:00,2,2,0
2026-01-14 16:14:00,2,2,0
2026-01-14 07:49:00,1,1,0
2026-01-14 16:18:00,2,2,0
2026-01-14 16:10:00,2,2,0
2026-01-12 16:57:00,1,1,0
2026-01-16 08:59:00,2,2,0
2026-01-15 10:15:00,3,3,0
2026-01-15 10:19:00,2,2,0
2026-01-13 10:54:00,1,1,0
2026-01-13 10:58:00,1,1,0
2026-01-15 14:43:00,1,1,0
2026-01-15 20:37:00,2,2,0
2026-01-10 08:32:00,1,1,0
2026-01-10 14:26:00,1,1,0
2026-01-12 09:42:00,3,3,0
2026-01-12 18:15:00,1,1,0
2026-01-10 18:58:00,1,1,0
2026-01-14 19:29:00,1,1,0
2026-01-14 19:25:00,2,2,0
2026-01-13 12:12:00,1,1,0
2026-01-11 21:24:00,1,1,0
2026-01-15 13:26:00,1,1,0
2026-01-15 13:22:00,3,3,0
2026-01-16 11:51:00,1,1,0
2026-01-14 18:08:00,1,1,0
2026-01-14 09:39:00,3,3,0
2026-01-11 20:07:00,1,1,0
2026-01-15 12:05:00,1,1,0
2026-01-13 15:23:00,1,1,0
2026-01-13 06:50:00,1,1,0
2026-01-15 16:37:00,3,3,0
2026-01-15 16:33:00,5,5,0
2026-01-12 07:08:00,2,2,0
2026-01-16 10:38:00,1,1,0
2026-01-16 10:30:00,1,1,0
2026-01-13 14:06:00,1,1,0
2026-01-13 14:02:00,1,1,0
2026-01-11 14:49:00,2,2,0
2026-01-11 08:51:00,3,3,0
2026-01-15 09:22:00,1,1,0
2026-01-15 06:47:00,1,1,0
2026-01-15 15:16:00,2,2,0
2026-01-13 18:34:00,1,1,0
2026-01-13 18:30:00,2,2,0
2026-01-15 19:44:00,2,2,0
2026-01-15 19:40:00,3,3,0
2026-01-14 21:00:00,3,3,0
2026-01-12 21:43:00,1,1,0
2026-01-16 13:41:00,1,1,0
2026-01-16 13:49:00,2,2,0
2026-01-11 13:28:00,1,1,0
2026-01-11 07:30:00,1,1,0
2026-01-11 16:03:00,1,1,0
2026-01-13 08:48:00,1,1,0
2026-01-13 17:13:00,1,1,0
2026-01-10 10:43:00,2,2,0
2026-01-13 17:17:00,2,2,0
2026-01-14 11:14:00,3,3,0
2026-01-14 11:18:00,2,2,0
2026-01-12 11:57:00,1,1,0
2026-01-12 20:22:00,3,3,0
2026-01-12 11:53:00,1,1,0
2026-01-16 06:30:00,1,1,0
2026-01-14 15:42:00,3,3,0
2026-01-14 21:36:00,2,2,0
2026-01-11 06:13:00,1,1,0
2026-01-16 16:56:00,1,1,0
2026-01-16 16:52:00,2,2,0
2026-01-11 19:14:00,1,1,0
2026-01-13 07:27:00,4,4,0
2026-01-11 19:10:00,1,1,0
2026-01-12 13:11:00,1,1,0
2026-01-14 14:25:00,1,1,0
2026-01-14 14:21:00,1,1,0
2026-01-14 14:29:00,1,1,0
2026-01-16 15:39:00,1,1,0
2026-01-16 09:41:00,1,1,0
2026-01-14 18:53:00,1,1,0
2026-01-11 09:24:00,1,1,0
2026-01-15 12:54:00,3,3,0
2026-01-15 12:50:00,2,2,0
2026-01-13 19:03:00,2,2,0
2026-01-10 12:37:00,4,4,0
2026-01-13 19:07:00,3,3,0
2026-01-14 13:08:00,1,1,0
2026-01-14 07:10:00,1,1,0
2026-01-12 07:53:00,3,3,0
2026-01-16 08:24:00,2,2,0
2026-01-14 17:32:00,1,1,0
2026-01-14 17:36:00,1,1,0
2026-01-11 08:07:00,1,1,0
2026-01-15 11:37:00,3,3,0
2026-01-15 20:02:00,4,4,0
2026-01-15 20:06:00,4,4,0
2026-01-13 20:41:00,3,3,0
2026-01-13 20:45:00,1,1,0
2026-01-13 20:49:00,3,3,0
2026-01-15 21:55:00,1,1,0
2026-01-12 06:36:00,2,2,0
2026-01-10 15:44:00,1,1,0
2026-01-12 15:05:00,1,1,0
2026-01-14 16:19:00,3,3,0
2026-01-14 07:46:00,3,3,0
2026-01-14 16:15:00,2,2,0
2026-01-15 10:12:00,1,1,0
2026-01-13 13:30:00,2,2,0
2026-01-13 10:59:00,2,2,0
2026-01-15 14:48:00,1,1,0
2026-01-10 17:02:00,1,1,0
2026-01-14 09:04:00,3,3,0
2026-01-10 18:59:00,1,1,0
2026-01-12 09:47:00,1,1,0
2026-01-14 19:26:00,3,3,0
2026-01-11 12:56:00,1,1,0
2026-01-11 21:21:00,3,3,0
2026-01-11 21:29:00,2,2,0
2026-01-11 12:52:00,1,1,0
2026-01-11 21:25:00,1,1,0
2026-01-15 13:27:00,1,1,0
2026-01-15 17:55:00,1,1,0
2026-01-15 17:59:00,1,1,0
2026-01-15 17:51:00,2,2,0
2026-01-10 17:38:00,2,2,0
2026-01-16 20:25:00,1,1,0
2026-01-16 20:21:00,3,3,0
2026-01-14 18:09:00,1,1,0
2026-01-11 11:39:00,1,1,0
2026-01-11 20:04:00,1,1,0
2026-01-11 14:10:00,1,1,0
2026-01-15 06:12:00,1,1,0
2026-01-15 06:16:00,1,1,0
2026-01-13 15:20:00,2,2,0
2026-01-13 15:28:00,1,1,0
2026-01-13 06:59:00,3,3,0
2026-01-13 06:55:00,2,2,0
2026-01-13 06:51:00,1,1,0
2026-01-15 16:38:00,1,1,0
2026-01-15 16:34:00,1,1,0
2026-01-16 10:31:00,1,1,0
2026-01-13 14:03:00,1,1,0
2026-01-13 14:07:00,1,1,0
2026-01-11 08:52:00,1,1,0
2026-01-15 09:23:00,1,1,0
2026-01-13 18:31:00,1,1,0
2026-01-13 18:35:00,1,1,0
2026-01-13 18:39:00,1,1,0
2026-01-15 19:49:00,2,2,0
2026-01-15 19:45:00,2,2,0
2026-01-14 12:32:00,2,2,0
2026-01-14 21:01:00,1,1,0
2026-01-12 21:44:00,1,1,0
2026-01-11 16:00:00,1,1,0
2026-01-11 16:04:00,1,1,0
2026-01-15 08:06:00,4,4,0
2026-01-15 08:02:00,1,1,0
2026-01-13 17:18:00,1,1,0
2026-01-13 08:45:00,2,2,0
2026-01-13 08:49:00,4,4,0
2026-01-13 17:14:00,1,1,0
2026-01-15 18:28:00,3,3,0
2026-01-14 11:15:00,3,3,0
2026-01-14 11:19:00,1,1,0
2026-01-14 11:11:00,1,1,0
2026-01-16 12:29:00,1,1,0
2026-01-16 06:31:00,1,1,0
2026-01-16 06:35:00,1,1,0
2026-01-14 15:43:00,2,2,0
2026-01-16 16:53:00,1,1,0
2026-01-16 16:57:00,1,1,0
2026-01-12 13:12:00,1,1,0
2026-01-10 13:59:00,1,1,0
2026-01-12 13:16:00,1,1,0
2026-01-14 14:22:00,1,1,0
2026-01-12 17:40:00,1,1,0
2026-01-16 09:42:00,2,2,0
2026-01-14 18:50:00,1,1,0
2026-01-11 09:25:00,1,1,0
2026-01-11 09:29:00,1,1,0
2026-01-11 20:53:00,1,1,0
2026-01-15 12:51:00,2,2,0
2026-01-15 12:55:00,3,3,0
2026-01-15 21:20:00,3,3,0
2026-01-13 19:08:00,2,2,0
2026-01-10 21:03:00,1,1,0
2026-01-10 06:40:00,1,1,0
2026-01-14 13:09:00,1,1,0
2026-01-12 07:50:00,1,1,0
2026-01-12 16:23:00,1,1,0
2026-01-16 08:29:00,1,1,0
2026-01-13 10:24:00,1,1,0
2026-01-13 10:20:00,3,3,0
2026-01-15 11:34:00,3,3,0
2026-01-15 20:07:00,3,3,0
2026-01-15 11:30:00,1,1,0
2026-01-15 11:38:00,1,1,0
2026-01-13 20:42:00,1,1,0
2026-01-13 20:46:00,3,3,0
2026-01-12 15:06:00,3,3,0
2026-01-12 06:37:00,1,1,0
2026-01-10 18:20:00,2,2,0
2026-01-12 15:02:00,2,2,0
2026-01-10 09:51:00,1,1,0
2026-01-16 07:04:00,2,2,0
2026-01-14 16:16:00,4,4,0
2026-01-15 10:17:00,1,1,0
2026-01-13 13:31:00,1,1,0
2026-01-13 13:35:00,2,2,0
2026-01-15 14:45:00,1,1,0
2026-01-15 14:41:00,3,3,0
2026-01-15 14:49:00,1,1,0
2026-01-10 17:03:00,1,1,0
2026-01-10 08:34:00,1,1,0
2026-01-14 09:05:00,1,1,0
2026-01-14 09:01:00,1,1,0
2026-01-14 09:09:00,1,1,0
2026-01-12 18:17:00,2,2,0
2026-01-14 19:27:00,2,2,0
2026-01-13 12:10:00,2,2,0
2026-01-13 12:18:00,2,2,0
2026-01-15 13:28:00,1,1,0
2026-01-15 07:30:00,2,2,0
2026-01-15 07:34:00,2,2,0
2026-01-13 16:46:00,2,2,0
2026-01-15 17:56:00,3,3,0
2026-01-14 10:43:00,1,1,0
2026-01-16 20:26:00,1,1,0
2026-01-16 11:57:00,2,2,0
2026-01-16 11:53:00,1,1,0
2026-01-11 14:15:00,1,1,0
2026-01-15 06:13:00,2,2,0
2026-01-15 06:17:00,2,2,0
2026-01-13 06:52:00,1,1,0
2026-01-13 15:25:00,3,3,0
2026-01-13 15:29:00,1,1,0
2026-01-13 06:56:00,2,2,0
2026-01-13 15:21:00,1,1,0
2026-01-15 16:35:00,2,2,0
2026-01-15 19:10:00,1,1,0
2026-01-15 16:39:00,1,1,0
2026-01-13 19:57:00,3,3,0
2026-01-14 13:54:00,2,2,0
2026-01-13 14:04:00,1,1,0
2026-01-13 08:10:00,1,1,0
2026-01-13 14:08:00,2,2,0
2026-01-11 08:57:00,2,2,0
2026-01-11 17:22:00,1,1,0
2026-01-15 09:24:00,1,1,0
2026-01-15 09:20:00,1,1,0
2026-01-13 18:32:00,2,2,0
2026-01-12 11:23:00,2,2,0
2026-01-10 09:07:00,1,1,0
2026-01-13 18:36:00,2,2,0
2026-01-15 19:46:00,5,5,0
2026-01-14 21:06:00,1,1,0
2026-01-14 12:37:00,1,1,0
2026-01-14 12:33:00,1,1,0
2026-01-16 13:47:00,2,2,0
2026-01-11 16:01:00,2,2,0
2026-01-11 16:09:00,2,2,0
2026-01-15 08:07:00,1,1,0
2026-01-10 10:45:00,1,1,0
2026-01-13 17:15:00,2,2,0
2026-01-14 11:16:00,1,1,0
2026-01-12 20:28:00,1,1,0
2026-01-12 11:59:00,1,1,0
2026-01-16 15:01:00,1,1,0
2026-01-16 15:05:00,1,1,0
2026-01-14 15:48:00,1,1,0
2026-01-14 15:44:00,1,1,0
2026-01-11 19:12:00,1,1,0
2026-01-10 13:56:00,1,1,0
2026-01-12 13:17:00,2,2,0
2026-01-14 14:27:00,3,3,0
2026-01-12 17:41:00,1,1,0
2026-01-16 09:43:00,2,2,0
2026-01-13 11:42:00,3,3,0
2026-01-11 20:54:00,1,1,0
2026-01-15 12:52:00,1,1,0
2026-01-15 21:25:00,1,1,0
2026-01-15 12:56:00,4,4,0
2026-01-15 21:21:00,2,2,0
2026-01-10 06:45:00,1,1,0
2026-01-14 07:16:00,1,1,0
2026-01-14 07:12:00,2,2,0
2026-01-12 16:24:00,1,1,0
2026-01-12 16:20:00,1,1,0
2026-01-14 17:34:00,1,1,0
2026-01-14 17:38:00,3,3,0
2026-01-13 10:29:00,1,1,0
2026-01-13 10:21:00,2,2,0
2026-01-13 10:25:00,1,1,0
2026-01-15 20:08:00,1,1,0
2026-01-15 11:35:00,3,3,0
2026-01-15 11:39:00,2,2,0
2026-01-15 20:04:00,1,1,0
2026-01-13 14:53:00,1,1,0
2026-01-13 20:47:00,2,2,0
2026-01-12 15:07:00,1,1,0
2026-01-10 09:56:00,1,1,0
2026-01-12 06:38:00,1,1,0
2026-01-16 07:09:00,1,1,0
2026-01-11 12:22:00,1,1,0
2026-01-12 19:31:00,1,1,0
2026-01-12 19:39:00,1,1,0
2026-01-15 10:18:00,1,1,0
2026-01-13 13:36:00,1,1,0
2026-01-15 08:52:00,1,1,0
2026-01-10 17:08:00,2,2,0
2026-01-10 08:31:00,1,1,0
2026-01-10 08:35:00,1,1,0
2026-01-14 20:30:00,1,1,0
2026-01-14 09:06:00,1,1,0
2026-01-14 09:02:00,2,2,0
2026-01-11 11:05:00,2,2,0
2026-01-12 18:14:00,1,1,0
2026-01-16 21:40:00,1,1,0
2026-01-13 12:19:00,2,2,0
2026-01-13 12:15:00,1,1,0
2026-01-15 07:35:00,3,3,0
2026-01-15 16:04:00,2,2,0
2026-01-15 07:31:00,1,1,0
2026-01-13 16:47:00,2,2,0
2026-01-13 16:43:00,3,3,0
2026-01-15 17:57:00,1,1,0
2026-01-14 10:48:00,1,1,0
2026-01-16 20:27:00,1,1,0
2026-01-16 11:58:00,1,1,0
2026-01-16 11:54:00,1,1,0
2026-01-11 14:12:00,1,1,0
2026-01-15 06:10:00,1,1,0
2026-01-15 06:18:00,1,1,0
2026-01-15 06:14:00,2,2,0
2026-01-11 18:40:00,1,1,0
2026-01-13 15:22:00,3,3,0
2026-01-13 19:58:00,2,2,0
2026-01-10 21:53:00,1,1,0
2026-01-13 19:54:00,2,2,0
2026-01-14 13:55:00,1,1,0
2026-01-14 13:51:00,1,1,0
2026-01-11 08:54:00,1,1,0
2026-01-10 10:10:00,1,1,0
2026-01-11 17:27:00,1,1,0
2026-01-11 08:58:00,1,1,0
2026-01-13 18:37:00,4,4,0
2026-01-12 11:28:00,1,1,0
2026-01-14 12:34:00,2,2,0
2026-01-14 12:38:00,2,2,0
2026-01-14 21:03:00,3,3,0
2026-01-12 15:52:00,2,2,0
2026-01-16 13:48:00,1,1,0
2026-01-16 07:50:00,1,1,0
2026-01-15 08:08:00,1,1,0
2026-01-14 11:17:00,2,2,0
2026-01-16 15:06:00,2,2,0
2026-01-14 15:49:00,1,1,0
2026-01-16 19:30:00,1,1,0
2026-01-10 12:00:00,1,1,0
2026-01-10 12:04:00,1,1,0
2026-01-10 13:57:00,1,1,0
2026-01-12 13:18:00,1,1,0
2026-01-14 08:34:00,3,3,0
2026-01-14 08:30:00,1,1,0
2026-01-12 17:42:00,2,2,0
2026-01-12 17:46:00,1,1,0
2026-01-16 09:48:00,1,1,0
2026-01-16 18:17:00,1,1,0
2026-01-16 09:40:00,1,1,0
2026-01-14 18:52:00,1,1,0
2026-01-14 18:56:00,1,1,0
2026-01-13 20:12:00,1,1,0
2026-01-11 20:51:00,2,2,0
2026-01-15 12:57:00,5,5,0
2026-01-15 21:22:00,2,2,0
2026-01-10 06:46:00,1,1,0
2026-01-10 15:11:00,1,1,0
2026-01-14 07:13:00,1,1,0
2026-01-14 07:17:00,2,2,0
2026-01-14 17:39:00,2,2,0
2026-01-13 10:26:00,2,2,0
2026-01-13 10:22:00,2,2,0
2026-01-15 14:11:00,1,1,0
2026-01-15 20:09:00,2,2,0
2026-01-13 14:54:00,3,3,0
2026-01-13 14:50:00,2,2,0
2026-01-13 14:58:00,2,2,0
2026-01-12 09:10:00,1,1,0
2026-01-12 19:32:00,1,1,0
2026-01-12 19:36:00,1,1,0
2026-01-13 13:37:00,1,1,0
2026-01-11 16:51:00,1,1,0
2026-01-15 08:53:00,1,1,0
2026-01-15 14:47:00,2,2,0
2026-01-10 17:09:00,1,1,0
2026-01-14 09:07:00,3,3,0
2026-01-14 20:31:00,4,4,0
2026-01-13 12:16:00,1,1,0
2026-01-11 15:30:00,1,1,0
2026-01-13 06:22:00,2,2,0
2026-01-15 16:05:00,1,1,0
2026-01-15 16:01:00,1,1,0
2026-01-13 16:40:00,3,3,0
2026-01-13 16:44:00,1,1,0
2026-01-16 10:06:00,1,1,0
2026-01-16 10:02:00,1,1,0
2026-01-15 17:58:00,2,2,0
2026-01-14 10:45:00,2,2,0
2026-01-14 10:41:00,1,1,0
2026-01-14 10:49:00,2,2,0
2026-01-16 20:28:00,2,2,0
2026-01-11 14:13:00,1,1,0
2026-01-15 06:19:00,1,1,0
2026-01-13 15:27:00,2,2,0
2026-01-13 09:33:00,1,1,0
2026-01-11 18:45:00,1,1,0
2026-01-11 18:41:00,1,1,0
2026-01-15 19:16:00,1,1,0
2026-01-15 19:12:00,1,1,0
2026-01-13 19:55:00,1,1,0
2026-01-10 21:50:00,1,1,0
2026-01-13 19:51:00,3,3,0
2026-01-14 13:56:00,1,1,0
2026-01-14 13:52:00,1,1,0
2026-01-16 17:41:00,1,1,0
2026-01-13 08:16:00,2,2,0
2026-01-13 08:12:00,1,1,0
2026-01-11 17:28:00,2,2,0
2026-01-15 20:50:00,2,2,0
2026-01-15 09:26:00,2,2,0
2026-01-13 18:38:00,1,1,0
2026-01-10 20:37:00,1,1,0
2026-01-14 06:41:00,1,1,0
2026-01-14 15:10:00,3,3,0
2026-01-14 21:08:00,2,2,0
2026-01-12 15:53:00,1,1,0
2026-01-16 07:51:00,2,2,0
2026-01-11 07:38:00,1,1,0
2026-01-11 16:07:00,1,1,0
2026-01-10 13:22:00,1,1,0
2026-01-12 14:32:00,2,2,0
2026-01-16 06:38:00,1,1,0
2026-01-14 15:46:00,1,1,0
2026-01-16 19:35:00,1,1,0
2026-01-13 21:30:00,1,1,0
2026-01-10 12:01:00,2,2,0
2026-01-12 13:19:00,1,1,0
2026-01-12 13:15:00,2,2,0
2026-01-14 08:35:00,1,1,0
2026-01-14 08:39:00,2,2,0
2026-01-14 17:04:00,3,3,0
2026-01-11 10:30:00,1,1,0
2026-01-16 18:14:00,1,1,0
2026-01-15 11:01:00,1,1,0
2026-01-14 18:57:00,1,1,0
2026-01-13 11:40:00,2,2,0
2026-01-13 11:44:00,2,2,0
2026-01-10 15:12:00,2,2,0
2026-01-10 06:43:00,2,2,0
2026-01-10 06:47:00,1,1,0
2026-01-12 06:08:00,1,1,0
2026-01-14 07:14:00,1,1,0
2026-01-12 16:26:00,1,1,0
2026-01-13 10:23:00,1,1,0
2026-01-13 10:27:00,1,1,0
2026-01-15 14:12:00,2,2,0
2026-01-13 14:51:00,3,3,0
2026-01-13 14:59:00,2,2,0
2026-01-15 18:40:00,2,2,0
2026-01-10 18:27:00,1,1,0
2026-01-10 09:58:00,1,1,0
2026-01-10 18:23:00,1,1,0
2026-01-10 09:54:00,2,2,0
2026-01-13 07:40:00,2,2,0
2026-01-13 13:34:00,1,1,0
2026-01-15 08:58:00,2,2,0
2026-01-12 10:53:00,1,1,0
2026-01-10 17:06:00,1,1,0
2026-01-16 11:24:00,1,1,0
2026-01-14 20:32:00,2,2,0
2026-01-13 06:23:00,1,1,0
2026-01-13 06:27:00,1,1,0
2026-01-11 15:39:00,1,1,0
2026-01-11 15:35:00,1,1,0
2026-01-15 07:37:00,1,1,0
2026-01-15 16:06:00,3,3,0
2026-01-13 16:45:00,2,2,0
2026-01-13 16:49:00,4,4,0
2026-01-16 10:07:00,2,2,0
2026-01-16 10:03:00,1,1,0
2026-01-16 20:29:00,2,2,0
2026-01-16 14:31:00,1,1,0
2026-01-13 09:30:00,1,1,0
2026-01-13 18:03:00,1,1,0
2026-01-13 09:34:00,1,1,0
2026-01-11 18:42:00,1,1,0
2026-01-14 12:00:00,2,2,0
2026-01-13 19:56:00,1,1,0
2026-01-12 21:12:00,1,1,0
2026-01-12 21:16:00,1,1,0
2026-01-16 13:10:00,1,1,0
2026-01-13 08:17:00,2,2,0
2026-01-11 17:29:00,1,1,0
2026-01-13 08:13:00,2,2,0
2026-01-11 17:25:00,2,2,0
2026-01-15 20:51:00,1,1,0
2026-01-15 20:55:00,1,1,0
2026-01-12 11:22:00,2,2,0
2026-01-10 20:34:00,1,1,0
2026-01-12 11:26:00,1,1,0
2026-01-10 14:40:00,1,1,0
2026-01-14 06:42:00,2,2,0
2026-01-14 21:09:00,2,2,0
2026-01-14 15:11:00,1,1,0
2026-01-14 21:05:00,1,1,0
2026-01-16 16:21:00,2,2,0
2026-01-16 07:56:00,1,1,0
2026-01-10 13:27:00,1,1,0
2026-01-12 10:09:00,2,2,0
2026-01-10 13:23:00,1,1,0
2026-01-10 17:51:00,1,1,0
2026-01-16 09:10:00,1,1,0
2026-01-16 06:39:00,2,2,0
2026-01-14 09:57:00,1,1,0
2026-01-15 12:23:00,2,2,0
2026-01-13 21:31:00,2,2,0
2026-01-13 21:35:00,1,1,0
2026-01-10 16:38:00,1,1,0
2026-01-12 07:22:00,1,1,0
2026-01-14 17:05:00,2,2,0
2026-01-14 17:09:00,2,2,0
2026-01-14 17:01:00,2,2,0
2026-01-14 08:36:00,1,1,0
2026-01-16 18:15:00,1,1,0
2026-01-16 18:19:00,1,1,0
2026-01-15 11:02:00,2,2,0
2026-01-13 11:49:00,1,1,0
2026-01-13 20:14:00,2,2,0
2026-01-13 20:10:00,4,4,0
2026-01-13 11:41:00,2,2,0
2026-01-15 15:30:00,1,1,0
2026-01-15 21:28:00,1,1,0
2026-01-12 06:09:00,1,1,0
2026-01-14 07:15:00,1,1,0
2026-01-14 07:19:00,2,2,0
2026-01-10 19:41:00,1,1,0
2026-01-12 19:02:00,1,1,0
2026-01-13 10:28:00,3,3,0
2026-01-15 14:13:00,1,1,0
2026-01-15 14:17:00,2,2,0
2026-01-13 14:52:00,2,2,0
2026-01-13 14:56:00,3,3,0
2026-01-14 21:50:00,2,2,0
2026-01-11 12:21:00,1,1,0
2026-01-12 19:38:00,1,1,0
2026-01-13 07:45:00,1,1,0
2026-01-13 16:10:00,1,1,0
2026-01-13 13:39:00,1,1,0
2026-01-11 16:53:00,2,2,0
2026-01-15 17:20:00,1,1,0
2026-01-15 08:55:00,1,1,0
2026-01-15 17:28:00,2,2,0
2026-01-15 17:24:00,2,2,0
2026-01-14 10:11:00,1,1,0
2026-01-14 20:33:00,1,1,0
2026-01-14 20:37:00,1,1,0
2026-01-16 15:53:00,1,1,0
2026-01-13 06:20:00,2,2,0
2026-01-13 06:28:00,4,4,0
2026-01-13 06:24:00,3,3,0
2026-01-15 16:07:00,1,1,0
2026-01-15 16:03:00,1,1,0
2026-01-15 07:38:00,2,2,0
2026-01-13 19:21:00,2,2,0
2026-01-14 10:47:00,1,1,0
2026-01-11 14:19:00,2,2,0
2026-01-13 18:00:00,1,1,0
2026-01-13 18:04:00,3,3,0
2026-01-13 09:39:00,2,2,0
2026-01-11 18:43:00,1,1,0
2026-01-13 09:35:00,2,2,0
2026-01-13 18:08:00,3,3,0
2026-01-13 09:31:00,1,1,0
2026-01-15 19:18:00,1,1,0
2026-01-14 12:05:00,1,1,0
2026-01-14 12:01:00,2,2,0
2026-01-12 12:40:00,1,1,0
2026-01-12 12:48:00,2,2,0
2026-01-12 21:13:00,1,1,0
2026-01-11 07:08:00,3,3,0
2026-01-16 17:43:00,1,1,0
2026-01-15 10:30:00,1,1,0
2026-01-13 08:14:00,1,1,0
2026-01-13 08:18:00,2,2,0
2026-01-10 10:13:00,1,1,0
2026-01-15 20:56:00,1,1,0
2026-01-15 20:52:00,3,3,0
2026-01-12 11:27:00,2,2,0
2026-01-16 06:04:00,1,1,0
2026-01-14 15:16:00,1,1,0
2026-01-14 06:47:00,3,3,0
2026-01-14 15:12:00,1,1,0
2026-01-12 15:51:00,1,1,0
2026-01-16 07:57:00,1,1,0
2026-01-14 19:40:00,3,3,0
2026-01-15 13:41:00,1,1,0
2026-01-10 13:24:00,1,1,0
2026-01-10 13:28:00,1,1,0
2026-01-10 17:56:00,1,1,0
2026-01-12 08:40:00,1,1,0
2026-01-10 17:52:00,1,1,0
2026-01-16 15:09:00,2,2,0
2026-01-16 09:11:00,1,1,0
2026-01-14 09:54:00,1,1,0
2026-01-14 09:58:00,1,1,0
2026-01-14 18:27:00,1,1,0
2026-01-14 18:23:00,1,1,0
2026-01-14 09:50:00,3,3,0
2026-01-15 12:24:00,4,4,0
2026-01-13 21:36:00,2,2,0
2026-01-10 12:07:00,1,1,0
2026-01-10 16:31:00,1,1,0
2026-01-12 07:23:00,1,1,0
2026-01-14 08:37:00,1,1,0
2026-01-14 08:33:00,1,1,0
2026-01-14 17:06:00,2,2,0
2026-01-14 17:02:00,1,1,0
2026-01-11 10:32:00,1,1,0
2026-01-12 17:49:00,1,1,0
2026-01-15 11:07:00,1,1,0
2026-01-15 11:03:00,1,1,0
2026-01-13 11:46:00,1,1,0
2026-01-13 20:15:00,1,1,0
2026-01-13 20:19:00,1,1,0
2026-01-15 21:29:00,1,1,0
2026-01-15 15:35:00,1,1,0
2026-01-10 06:49:00,1,1,0
2026-01-10 09:20:00,1,1,0
2026-01-12 06:02:00,1,1,0
2026-01-13 13:00:00,3,3,0
2026-01-13 13:04:00,3,3,0
2026-01-11 13:47:00,2,2,0
2026-01-15 14:14:00,1,1,0
2026-01-15 14:10:00,4,4,0
2026-01-13 14:57:00,1,1,0
2026-01-15 18:46:00,2,2,0
2026-01-10 18:29:00,1,1,0
2026-01-12 09:13:00,1,1,0
2026-01-16 12:43:00,1,1,0
2026-01-14 21:51:00,2,2,0
2026-01-15 07:03:00,1,1,0
2026-01-13 07:42:00,1,1,0
2026-01-13 16:11:00,2,2,0
2026-01-15 17:25:00,1,1,0
2026-01-15 08:56:00,1,1,0
2026-01-15 17:29:00,2,2,0
2026-01-15 17:21:00,1,1,0
2026-01-14 10:12:00,1,1,0
2026-01-12 10:51:00,1,1,0
2026-01-12 10:55:00,2,2,0
2026-01-16 11:26:00,3,3,0
2026-01-14 20:34:00,2,2,0
2026-01-14 20:38:00,3,3,0
2026-01-13 06:25:00,2,2,0
2026-01-13 06:21:00,1,1,0
2026-01-13 06:29:00,2,2,0
2026-01-15 16:08:00,1,1,0
2026-01-15 07:39:00,1,1,0
2026-01-13 19:22:00,1,1,0
2026-01-13 19:26:00,3,3,0
2026-01-16 10:09:00,1,1,0
2026-01-11 08:22:00,1,1,0
2026-01-13 09:32:00,3,3,0
2026-01-13 18:05:00,2,2,0
2026-01-13 09:36:00,1,1,0
2026-01-10 11:31:00,1,1,0
2026-01-13 18:01:00,2,2,0
2026-01-13 18:09:00,1,1,0
2026-01-15 19:15:00,2,2,0
2026-01-14 12:02:00,2,2,0
2026-01-14 12:06:00,2,2,0
2026-01-12 12:49:00,1,1,0
2026-01-12 06:51:00,2,2,0
2026-01-12 21:10:00,2,2,0
2026-01-16 07:22:00,1,1,0
2026-01-14 16:30:00,3,3,0
2026-01-14 16:34:00,3,3,0
2026-01-11 07:01:00,1,1,0
2026-01-11 07:09:00,1,1,0
2026-01-16 17:40:00,1,1,0
2026-01-13 08:19:00,1,1,0
2026-01-15 20:53:00,1,1,0
2026-01-10 14:42:00,1,1,0
2026-01-12 14:03:00,2,2,0
2026-01-10 14:46:00,1,1,0
2026-01-16 06:01:00,1,1,0
2026-01-14 06:44:00,1,1,0
2026-01-14 15:17:00,1,1,0
2026-01-14 06:48:00,2,2,0
2026-01-14 15:13:00,1,1,0
2026-01-14 19:41:00,1,1,0
2026-01-14 19:45:00,1,1,0
2026-01-15 13:42:00,2,2,0
2026-01-14 08:02:00,5,5,0
2026-01-10 17:57:00,1,1,0
2026-01-12 14:39:00,1,1,0
2026-01-12 17:14:00,2,2,0
2026-01-16 09:16:00,1,1,0
2026-01-14 18:24:00,1,1,0
2026-01-14 09:55:00,1,1,0
2026-01-14 09:59:00,4,4,0
2026-01-14 18:20:00,3,3,0
2026-01-13 11:11:00,2,2,0
2026-01-15 12:29:00,1,1,0
2026-01-15 12:25:00,1,1,0
2026-01-10 12:08:00,1,1,0
2026-01-13 21:37:00,3,3,0
2026-01-13 21:33:00,1,1,0
2026-01-10 06:14:00,1,1,0
2026-01-15 16:53:00,2,2,0
2026-01-12 07:20:00,1,1,0
2026-01-10 16:32:00,1,1,0
2026-01-10 16:36:00,1,1,0
2026-01-14 08:38:00,1,1,0
2026-01-11 10:37:00,1,1,0
2026-01-15 11:08:00,1,1,0
2026-01-13 14:22:00,2,2,0
2026-01-15 15:36:00,2,2,0
2026-01-15 15:32:00,2,2,0
2026-01-10 09:25:00,1,1,0
2026-01-10 19:47:00,1,1,0
2026-01-12 19:08:00,1,1,0
2026-01-10 19:43:00,1,1,0
2026-01-13 13:05:00,1,1,0
2026-01-13 13:09:00,4,4,0
2026-01-11 07:50:00,1,1,0
2026-01-13 13:01:00,1,1,0
2026-01-11 13:48:00,1,1,0
2026-01-15 14:19:00,1,1,0
2026-01-15 08:21:00,1,1,0
2026-01-10 08:04:00,1,1,0
2026-01-13 17:33:00,2,2,0
2026-01-10 08:00:00,1,1,0
2026-01-10 08:08:00,1,1,0
2026-01-15 18:43:00,2,2,0
2026-01-15 18:47:00,2,2,0
2026-01-12 09:18:00,1,1,0
2026-01-16 12:48:00,1,1,0
2026-01-14 21:52:00,1,1,0
2026-01-14 21:56:00,2,2,0
2026-01-15 07:04:00,2,2,0
2026-01-15 07:00:00,2,2,0
2026-01-11 16:55:00,1,1,0
2026-01-13 07:47:00,2,2,0
2026-01-15 08:57:00,1,1,0
2026-01-14 10:17:00,2,2,0
2026-01-12 10:52:00,1,1,0
2026-01-16 11:27:00,1,1,0
2026-01-14 20:39:00,2,2,0
2026-01-14 14:41:00,2,2,0
2026-01-14 20:35:00,2,2,0
2026-01-16 15:59:00,1,1,0
2026-01-16 15:55:00,1,1,0
2026-01-13 06:26:00,1,1,0
2026-01-15 16:09:00,1,1,0
2026-01-13 19:23:00,5,5,0
2026-01-13 19:27:00,4,4,0
2026-01-14 13:24:00,2,2,0
2026-01-14 13:20:00,1,1,0
2026-01-14 17:52:00,4,4,0
2026-01-13 09:37:00,1,1,0
2026-01-13 18:06:00,1,1,0
2026-01-10 20:09:00,1,1,0
2026-01-13 18:02:00,2,2,0
2026-01-14 12:07:00,2,2,0
2026-01-14 12:03:00,1,1,0
2026-01-12 21:19:00,1,1,0
2026-01-12 15:21:00,1,1,0
2026-01-12 06:52:00,1,1,0
2026-01-12 21:15:00,1,1,0
2026-01-14 16:31:00,2,2,0
2026-01-16 17:45:00,1,1,0
2026-01-15 10:32:00,2,2,0
2026-01-10 10:15:00,1,1,0
2026-01-15 20:58:00,1,1,0
2026-01-12 14:04:00,1,1,0
2026-01-10 14:47:00,1,1,0
2026-01-16 06:06:00,3,3,0
2026-01-14 09:20:00,2,2,0
